subject_id,TL+CFT,TL+UDA,TL+UDA+CFT,TL-ZS,model,dataset,paradigm
1,0.8553268765133172,0.8363599677158999,0.8894269572235673,0.8333333333333334,ATCNet,BI2015a,P300
10,0.9336917562724014,0.8700716845878136,0.946236559139785,0.9068100358422939,ATCNet,BI2015a,P300
11,0.8923611111111112,0.8298611111111112,0.9041666666666667,0.8256944444444444,ATCNet,BI2015a,P300
12,0.8629032258064516,0.8239247311827957,0.875,0.8346774193548387,ATCNet,BI2015a,P300
13,0.9400584795321637,0.8128654970760234,0.9254385964912281,0.8903508771929824,ATCNet,BI2015a,P300
14,0.8803418803418803,0.8290598290598291,0.8988603988603988,0.7457264957264957,ATCNet,BI2015a,P300
15,0.9285714285714286,0.8507936507936508,0.930952380952381,0.8928571428571429,ATCNet,BI2015a,P300
16,0.9396825396825397,0.8753968253968254,0.9341269841269841,0.9071428571428571,ATCNet,BI2015a,P300
17,0.8790123456790123,0.828395061728395,0.8975308641975308,0.8574074074074074,ATCNet,BI2015a,P300
18,0.8814814814814815,0.8061728395061728,0.9024691358024691,0.8308641975308642,ATCNet,BI2015a,P300
19,0.9094444444444445,0.8388888888888889,0.8933333333333333,0.8794444444444445,ATCNet,BI2015a,P300
2,0.9411375661375662,0.8425925925925926,0.9332010582010583,0.9212962962962963,ATCNet,BI2015a,P300
20,0.9314814814814815,0.832716049382716,0.9228395061728395,0.895679012345679,ATCNet,BI2015a,P300
21,0.9428571428571428,0.8484126984126984,0.926984126984127,0.919047619047619,ATCNet,BI2015a,P300
22,0.9097222222222222,0.8592171717171717,0.9198232323232324,0.8484848484848485,ATCNet,BI2015a,P300
23,0.8932748538011696,0.8442982456140351,0.9137426900584795,0.8647660818713451,ATCNet,BI2015a,P300
24,0.9436728395061729,0.8217592592592593,0.9297839506172839,0.9151234567901234,ATCNet,BI2015a,P300
25,0.8711685823754789,0.796455938697318,0.9013409961685823,0.7528735632183908,ATCNet,BI2015a,P300
26,0.9498207885304659,0.8969534050179212,0.9551971326164874,0.9310035842293907,ATCNet,BI2015a,P300
27,0.8523206751054853,0.7918424753867792,0.8604078762306611,0.8386075949367089,ATCNet,BI2015a,P300
28,0.8894444444444445,0.8266666666666667,0.8788888888888889,0.8622222222222222,ATCNet,BI2015a,P300
29,0.8643790849673203,0.8175381263616558,0.8943355119825708,0.8453159041394336,ATCNet,BI2015a,P300
3,0.9501915708812261,0.8275862068965517,0.9482758620689655,0.8697318007662835,ATCNet,BI2015a,P300
30,0.9032921810699589,0.8827160493827161,0.9537037037037037,0.897119341563786,ATCNet,BI2015a,P300
31,0.8518518518518519,0.7985185185185185,0.847037037037037,0.8207407407407408,ATCNet,BI2015a,P300
32,0.9157706093189965,0.8664874551971327,0.9247311827956989,0.8897849462365591,ATCNet,BI2015a,P300
33,0.9173280423280423,0.830026455026455,0.9206349206349206,0.8974867724867724,ATCNet,BI2015a,P300
34,0.9214285714285714,0.8269841269841269,0.9285714285714286,0.8888888888888888,ATCNet,BI2015a,P300
35,0.8405797101449275,0.8115942028985508,0.8538647342995169,0.8341384863123994,ATCNet,BI2015a,P300
36,0.925,0.8583333333333333,0.9298611111111111,0.8666666666666667,ATCNet,BI2015a,P300
37,0.861904761904762,0.7726190476190476,0.8698412698412699,0.8321428571428572,ATCNet,BI2015a,P300
38,0.9211711711711712,0.8003003003003003,0.924924924924925,0.8618618618618619,ATCNet,BI2015a,P300
39,0.9002267573696145,0.8191609977324263,0.8956916099773242,0.8333333333333334,ATCNet,BI2015a,P300
4,0.9368055555555556,0.8847222222222222,0.9472222222222222,0.9020833333333333,ATCNet,BI2015a,P300
40,0.9089506172839507,0.8616255144032922,0.9228395061728395,0.8611111111111112,ATCNet,BI2015a,P300
41,0.8993827160493827,0.8432098765432099,0.9117283950617284,0.8425925925925926,ATCNet,BI2015a,P300
42,0.8586744639376218,0.8109161793372319,0.8586744639376218,0.8455165692007798,ATCNet,BI2015a,P300
43,0.9597701149425287,0.8524904214559387,0.9425287356321839,0.9329501915708812,ATCNet,BI2015a,P300
5,0.9318181818181818,0.8838383838383839,0.9410774410774411,0.877104377104377,ATCNet,BI2015a,P300
6,0.9002525252525253,0.8415404040404041,0.9078282828282829,0.8213383838383839,ATCNet,BI2015a,P300
7,0.9248366013071896,0.8611111111111112,0.9370915032679739,0.8333333333333334,ATCNet,BI2015a,P300
8,0.916005291005291,0.8306878306878307,0.9166666666666666,0.875,ATCNet,BI2015a,P300
9,0.9099099099099099,0.8460960960960962,0.9024024024024024,0.8566066066066066,ATCNet,BI2015a,P300
1,0.7881944444444444,0.7274305555555556,0.8298611111111112,0.6701388888888888,ATCNet,BNCI2014_001,MI
2,0.5416666666666666,0.3298611111111111,0.6440972222222222,0.3194444444444444,ATCNet,BNCI2014_001,MI
3,0.8489583333333334,0.6944444444444444,0.8680555555555556,0.7291666666666666,ATCNet,BNCI2014_001,MI
4,0.6684027777777778,0.3315972222222222,0.71875,0.4010416666666667,ATCNet,BNCI2014_001,MI
5,0.6024305555555556,0.3159722222222222,0.6614583333333334,0.3541666666666667,ATCNet,BNCI2014_001,MI
6,0.6041666666666666,0.4826388888888889,0.6666666666666666,0.3125,ATCNet,BNCI2014_001,MI
7,0.7152777777777778,0.2690972222222222,0.8315972222222222,0.3298611111111111,ATCNet,BNCI2014_001,MI
8,0.7847222222222222,0.6215277777777778,0.828125,0.5885416666666666,ATCNet,BNCI2014_001,MI
9,0.8159722222222222,0.6440972222222222,0.8645833333333334,0.4739583333333333,ATCNet,BNCI2014_001,MI
1,0.978443579766537,0.9385214007782101,0.9811673151750973,0.9589105058365759,ATCNet,Huebner2017,P300
10,0.9864401496259352,0.9652431421446384,0.9873753117206983,0.9544887780548629,ATCNet,Huebner2017,P300
11,0.882169818662931,0.8334500739357148,0.8999922172931746,0.8111137053467196,ATCNet,Huebner2017,P300
12,0.9656862745098039,0.92942732648615,0.9733115468409586,0.8719265483971367,ATCNet,Huebner2017,P300
13,0.9783674422223951,0.9103571706481985,0.9816356703758462,0.8926931756283558,ATCNet,Huebner2017,P300
2,0.9625739184562714,0.9051509492685963,0.9695767195767195,0.8837535014005602,ATCNet,Huebner2017,P300
3,0.9590661478599222,0.8732295719844358,0.9633463035019455,0.8919844357976654,ATCNet,Huebner2017,P300
4,0.9867704280155642,0.9069260700389105,0.9872373540856031,0.9361089494163424,ATCNet,Huebner2017,P300
5,0.9409430438842203,0.8863211951447245,0.9520697167755992,0.8787737317149081,ATCNet,Huebner2017,P300
6,0.98482194979568,0.9422066549912435,0.986573263280794,0.9235259778166959,ATCNet,Huebner2017,P300
7,0.9939309056956116,0.9455337690631809,0.9945533769063181,0.9638966697790228,ATCNet,Huebner2017,P300
8,0.9178210116731518,0.8080933852140078,0.9257587548638132,0.82,ATCNet,Huebner2017,P300
9,0.9786803610333022,0.9559601618425148,0.9821817615935263,0.9495020230314348,ATCNet,Huebner2017,P300
1,0.980600882414735,0.9508368933398698,0.9829119686252539,0.9548988024371454,ATCNet,Huebner2018,P300
10,0.9449579831932773,0.855532212885154,0.9470588235294117,0.8979691876750701,ATCNet,Huebner2018,P300
11,0.9265719510479674,0.8318328878885919,0.9466169644113096,0.8181178787452525,ATCNet,Huebner2018,P300
12,0.9404761904761905,0.8098039215686275,0.9487394957983193,0.8507703081232493,ATCNet,Huebner2018,P300
2,0.9862745098039216,0.9188375350140056,0.9871848739495799,0.9669467787114846,ATCNet,Huebner2018,P300
3,0.9846638655462185,0.942296918767507,0.986624649859944,0.9725490196078431,ATCNet,Huebner2018,P300
4,0.9635854341736695,0.8929271708683474,0.9672268907563025,0.9016806722689076,ATCNet,Huebner2018,P300
5,0.9382093316519546,0.7905982905982906,0.9422026061370323,0.8160992013451029,ATCNet,Huebner2018,P300
6,0.9833333333333333,0.863655462184874,0.9869747899159664,0.8508403361344538,ATCNet,Huebner2018,P300
7,0.9475343233398711,0.8774166433174558,0.9567105631829644,0.8561221630708882,ATCNet,Huebner2018,P300
8,0.9368347338935574,0.8115546218487395,0.9418767507002801,0.7894957983193277,ATCNet,Huebner2018,P300
9,0.9549688353526157,0.7728132222144408,0.964073114363751,0.7817774353946355,ATCNet,Huebner2018,P300
1,0.34375,0.390625,0.421875,0.359375,ATCNet,Kalunga2016,SSVEP
10,0.609375,0.4453125,0.5546875,0.484375,ATCNet,Kalunga2016,SSVEP
11,0.46875,0.421875,0.5,0.484375,ATCNet,Kalunga2016,SSVEP
12,0.6625,0.44375,0.59375,0.525,ATCNet,Kalunga2016,SSVEP
2,0.46875,0.21875,0.515625,0.40625,ATCNet,Kalunga2016,SSVEP
3,0.921875,0.890625,0.890625,0.875,ATCNet,Kalunga2016,SSVEP
4,0.515625,0.296875,0.515625,0.546875,ATCNet,Kalunga2016,SSVEP
5,0.453125,0.25,0.28125,0.3125,ATCNet,Kalunga2016,SSVEP
6,0.46875,0.5,0.484375,0.484375,ATCNet,Kalunga2016,SSVEP
7,0.6875,0.5729166666666666,0.75,0.6458333333333334,ATCNet,Kalunga2016,SSVEP
8,0.484375,0.328125,0.453125,0.59375,ATCNet,Kalunga2016,SSVEP
9,0.484375,0.546875,0.5625,0.453125,ATCNet,Kalunga2016,SSVEP
1,0.8,0.8,0.845,0.705,ATCNet,Lee2019_MI,MI
10,0.745,0.67,0.74,0.69,ATCNet,Lee2019_MI,MI
11,0.515,0.595,0.595,0.54,ATCNet,Lee2019_MI,MI
12,0.77,0.655,0.68,0.755,ATCNet,Lee2019_MI,MI
13,0.595,0.655,0.695,0.59,ATCNet,Lee2019_MI,MI
14,0.65,0.7,0.75,0.625,ATCNet,Lee2019_MI,MI
15,0.76,0.725,0.785,0.57,ATCNet,Lee2019_MI,MI
16,0.805,0.7,0.775,0.795,ATCNet,Lee2019_MI,MI
17,0.675,0.68,0.78,0.675,ATCNet,Lee2019_MI,MI
18,0.91,0.845,0.895,0.77,ATCNet,Lee2019_MI,MI
19,0.745,0.765,0.78,0.79,ATCNet,Lee2019_MI,MI
2,0.745,0.71,0.705,0.74,ATCNet,Lee2019_MI,MI
20,0.785,0.765,0.755,0.775,ATCNet,Lee2019_MI,MI
21,0.97,0.955,0.975,0.93,ATCNet,Lee2019_MI,MI
22,0.775,0.8,0.84,0.735,ATCNet,Lee2019_MI,MI
23,0.815,0.82,0.81,0.8,ATCNet,Lee2019_MI,MI
24,0.64,0.61,0.665,0.55,ATCNet,Lee2019_MI,MI
25,0.84,0.705,0.78,0.775,ATCNet,Lee2019_MI,MI
26,0.74,0.77,0.75,0.76,ATCNet,Lee2019_MI,MI
27,0.685,0.635,0.71,0.69,ATCNet,Lee2019_MI,MI
28,0.95,0.965,0.965,0.86,ATCNet,Lee2019_MI,MI
29,0.85,0.765,0.82,0.77,ATCNet,Lee2019_MI,MI
3,0.85,0.93,0.945,0.825,ATCNet,Lee2019_MI,MI
30,0.655,0.72,0.705,0.665,ATCNet,Lee2019_MI,MI
31,0.705,0.72,0.795,0.715,ATCNet,Lee2019_MI,MI
32,0.95,0.975,0.95,0.915,ATCNet,Lee2019_MI,MI
33,0.98,0.97,0.98,0.975,ATCNet,Lee2019_MI,MI
34,0.545,0.48,0.52,0.54,ATCNet,Lee2019_MI,MI
35,0.86,0.555,,0.775,ATCNet,Lee2019_MI,MI
36,0.995,0.99,0.985,0.965,ATCNet,Lee2019_MI,MI
37,0.98,0.96,0.965,0.99,ATCNet,Lee2019_MI,MI
38,0.62,0.645,0.66,0.585,ATCNet,Lee2019_MI,MI
39,0.755,0.825,0.82,0.785,ATCNet,Lee2019_MI,MI
4,0.78,0.655,0.645,0.705,ATCNet,Lee2019_MI,MI
40,0.725,0.71,0.715,0.665,ATCNet,Lee2019_MI,MI
41,0.59,0.65,0.56,0.685,ATCNet,Lee2019_MI,MI
42,0.685,0.715,0.74,0.58,ATCNet,Lee2019_MI,MI
43,0.82,0.8,0.825,0.81,ATCNet,Lee2019_MI,MI
44,0.885,0.82,0.89,0.725,ATCNet,Lee2019_MI,MI
45,0.84,0.87,0.905,0.82,ATCNet,Lee2019_MI,MI
46,0.7,0.72,0.755,0.72,ATCNet,Lee2019_MI,MI
47,0.76,0.785,0.795,0.745,ATCNet,Lee2019_MI,MI
48,0.675,0.66,0.625,0.65,ATCNet,Lee2019_MI,MI
49,0.73,0.7,0.76,0.64,ATCNet,Lee2019_MI,MI
5,0.93,0.805,0.865,0.845,ATCNet,Lee2019_MI,MI
50,0.61,0.6,0.63,0.515,ATCNet,Lee2019_MI,MI
51,0.535,0.66,0.625,0.6,ATCNet,Lee2019_MI,MI
52,0.8,0.815,0.83,0.765,ATCNet,Lee2019_MI,MI
53,0.66,0.6,0.61,0.695,ATCNet,Lee2019_MI,MI
54,0.66,0.655,0.69,0.66,ATCNet,Lee2019_MI,MI
6,0.76,0.69,0.765,0.69,ATCNet,Lee2019_MI,MI
7,0.75,0.71,0.785,0.63,ATCNet,Lee2019_MI,MI
8,0.73,0.755,0.775,0.785,ATCNet,Lee2019_MI,MI
9,0.785,0.755,0.805,0.805,ATCNet,Lee2019_MI,MI
1,0.955,0.955,0.96,0.95,ATCNet,Lee2019_SSVEP,SSVEP
10,1.0,0.995,1.0,1.0,ATCNet,Lee2019_SSVEP,SSVEP
11,1.0,0.99,0.98,1.0,ATCNet,Lee2019_SSVEP,SSVEP
12,0.97,0.98,0.965,,ATCNet,Lee2019_SSVEP,SSVEP
13,0.995,0.99,1.0,0.965,ATCNet,Lee2019_SSVEP,SSVEP
14,0.925,0.955,0.98,0.805,ATCNet,Lee2019_SSVEP,SSVEP
15,0.995,0.99,0.995,0.735,ATCNet,Lee2019_SSVEP,SSVEP
16,1.0,1.0,1.0,1.0,ATCNet,Lee2019_SSVEP,SSVEP
17,0.985,0.95,0.98,0.915,ATCNet,Lee2019_SSVEP,SSVEP
18,0.975,0.985,0.985,0.98,ATCNet,Lee2019_SSVEP,SSVEP
19,0.98,0.975,0.98,0.98,ATCNet,Lee2019_SSVEP,SSVEP
2,0.99,0.99,0.99,0.985,ATCNet,Lee2019_SSVEP,SSVEP
20,0.99,0.98,0.975,0.975,ATCNet,Lee2019_SSVEP,SSVEP
21,0.985,0.905,0.955,0.965,ATCNet,Lee2019_SSVEP,SSVEP
22,0.905,0.91,0.95,0.895,ATCNet,Lee2019_SSVEP,SSVEP
23,0.55,0.385,0.62,0.385,ATCNet,Lee2019_SSVEP,SSVEP
24,0.975,0.98,0.985,0.93,ATCNet,Lee2019_SSVEP,SSVEP
25,0.98,0.96,0.98,0.97,ATCNet,Lee2019_SSVEP,SSVEP
26,1.0,0.995,1.0,0.995,ATCNet,Lee2019_SSVEP,SSVEP
27,0.99,0.995,0.995,1.0,ATCNet,Lee2019_SSVEP,SSVEP
28,0.985,0.96,0.97,0.97,ATCNet,Lee2019_SSVEP,SSVEP
29,0.96,0.97,0.96,0.935,ATCNet,Lee2019_SSVEP,SSVEP
3,0.94,0.895,0.915,0.91,ATCNet,Lee2019_SSVEP,SSVEP
30,1.0,0.995,0.995,0.99,ATCNet,Lee2019_SSVEP,SSVEP
31,1.0,1.0,1.0,1.0,ATCNet,Lee2019_SSVEP,SSVEP
32,0.955,0.94,0.995,0.925,ATCNet,Lee2019_SSVEP,SSVEP
33,0.995,1.0,1.0,0.99,ATCNet,Lee2019_SSVEP,SSVEP
34,0.815,0.825,0.88,0.83,ATCNet,Lee2019_SSVEP,SSVEP
35,0.985,0.99,0.99,0.95,ATCNet,Lee2019_SSVEP,SSVEP
36,1.0,1.0,1.0,1.0,ATCNet,Lee2019_SSVEP,SSVEP
37,0.985,0.985,0.985,0.985,ATCNet,Lee2019_SSVEP,SSVEP
38,0.99,0.985,0.98,0.995,ATCNet,Lee2019_SSVEP,SSVEP
39,1.0,1.0,1.0,1.0,ATCNet,Lee2019_SSVEP,SSVEP
4,1.0,0.995,,1.0,ATCNet,Lee2019_SSVEP,SSVEP
40,0.905,0.935,0.93,0.92,ATCNet,Lee2019_SSVEP,SSVEP
41,1.0,0.975,0.995,0.98,ATCNet,Lee2019_SSVEP,SSVEP
42,0.78,0.805,0.8,0.805,ATCNet,Lee2019_SSVEP,SSVEP
43,1.0,0.995,1.0,1.0,ATCNet,Lee2019_SSVEP,SSVEP
44,0.985,0.995,0.99,0.98,ATCNet,Lee2019_SSVEP,SSVEP
45,0.945,0.935,0.96,0.925,ATCNet,Lee2019_SSVEP,SSVEP
46,1.0,1.0,1.0,0.99,ATCNet,Lee2019_SSVEP,SSVEP
47,0.625,0.65,0.65,0.63,ATCNet,Lee2019_SSVEP,SSVEP
48,0.995,0.995,0.995,1.0,ATCNet,Lee2019_SSVEP,SSVEP
49,0.995,0.99,1.0,0.99,ATCNet,Lee2019_SSVEP,SSVEP
5,0.855,0.835,0.85,0.825,ATCNet,Lee2019_SSVEP,SSVEP
50,0.99,0.995,0.995,0.995,ATCNet,Lee2019_SSVEP,SSVEP
51,0.815,0.8,0.81,0.765,ATCNet,Lee2019_SSVEP,SSVEP
52,1.0,0.99,1.0,0.995,ATCNet,Lee2019_SSVEP,SSVEP
53,1.0,0.995,1.0,1.0,ATCNet,Lee2019_SSVEP,SSVEP
54,0.915,0.86,0.88,0.855,ATCNet,Lee2019_SSVEP,SSVEP
6,1.0,0.91,1.0,1.0,ATCNet,Lee2019_SSVEP,SSVEP
7,1.0,1.0,1.0,1.0,ATCNet,Lee2019_SSVEP,SSVEP
8,0.94,0.95,0.975,0.925,ATCNet,Lee2019_SSVEP,SSVEP
9,0.975,0.935,0.975,0.935,ATCNet,Lee2019_SSVEP,SSVEP
1,0.232,0.2,0.184,0.208,ATCNet,MAMEM2,SSVEP
10,0.168,0.216,0.5,0.24,ATCNet,MAMEM2,SSVEP
2,0.272,0.288,0.28,0.184,ATCNet,MAMEM2,SSVEP
3,0.216,0.248,0.408,0.16,ATCNet,MAMEM2,SSVEP
4,0.224,0.192,0.488,0.16,ATCNet,MAMEM2,SSVEP
5,0.296,0.16,0.432,0.176,ATCNet,MAMEM2,SSVEP
6,0.232,0.192,0.16,0.2,ATCNet,MAMEM2,SSVEP
7,0.184,0.192,0.428,0.216,ATCNet,MAMEM2,SSVEP
8,0.232,0.248,0.24,0.184,ATCNet,MAMEM2,SSVEP
9,0.248,0.208,0.2,0.2,ATCNet,MAMEM2,SSVEP
1,0.89,0.82,,0.825,ATCNet,Yang2025,MI
10,0.8,0.805,0.8233333333333334,0.7133333333333334,ATCNet,Yang2025,MI
11,0.88,0.8183333333333334,0.8283333333333334,0.8366666666666667,ATCNet,Yang2025,MI
12,0.5516666666666666,0.5266666666666666,0.5533333333333333,0.5733333333333334,ATCNet,Yang2025,MI
13,0.74,0.7483333333333333,0.7216666666666667,0.63,ATCNet,Yang2025,MI
14,0.545,0.5916666666666667,0.5666666666666667,0.5283333333333333,ATCNet,Yang2025,MI
15,0.7133333333333334,0.735,0.7133333333333334,0.76,ATCNet,Yang2025,MI
16,0.6933333333333334,0.64,0.6666666666666666,0.5583333333333333,ATCNet,Yang2025,MI
17,0.7133333333333334,0.7166666666666667,0.7466666666666667,0.5716666666666667,ATCNet,Yang2025,MI
18,0.6483333333333333,0.6633333333333333,0.6566666666666666,0.5716666666666667,ATCNet,Yang2025,MI
19,0.86,0.7533333333333333,0.82,0.7916666666666666,ATCNet,Yang2025,MI
2,0.6166666666666667,0.61,0.605,0.5833333333333334,ATCNet,Yang2025,MI
20,0.6983333333333334,0.64,0.685,0.5483333333333333,ATCNet,Yang2025,MI
21,0.7966666666666666,0.77,0.7966666666666666,0.7366666666666667,ATCNet,Yang2025,MI
22,0.7766666666666666,0.7066666666666667,0.7683333333333333,0.655,ATCNet,Yang2025,MI
23,0.9048414023372288,0.8580968280467446,0.8981636060100167,0.8664440734557596,ATCNet,Yang2025,MI
24,0.9461279461279462,0.8619528619528619,0.9292929292929293,0.898989898989899,ATCNet,Yang2025,MI
25,0.8366666666666667,0.7933333333333333,0.8033333333333333,0.6233333333333333,ATCNet,Yang2025,MI
26,0.8380634390651085,0.7579298831385642,0.8414023372287145,0.667779632721202,ATCNet,Yang2025,MI
27,0.7666666666666667,0.7516666666666667,0.7533333333333333,0.5316666666666666,ATCNet,Yang2025,MI
28,0.9083333333333333,0.8683333333333333,0.8766666666666667,0.85,ATCNet,Yang2025,MI
29,0.9433333333333334,0.8616666666666667,0.9516666666666667,0.8983333333333333,ATCNet,Yang2025,MI
3,0.9116666666666666,0.8933333333333333,0.9316666666666666,0.92,ATCNet,Yang2025,MI
30,0.7433333333333333,0.81,0.8766666666666667,0.7816666666666666,ATCNet,Yang2025,MI
31,0.77,0.765,0.79,0.7766666666666666,ATCNet,Yang2025,MI
32,0.7896494156928213,0.7429048414023373,0.7278797996661102,0.6176961602671118,ATCNet,Yang2025,MI
33,0.9433333333333334,0.88,0.9483333333333334,0.6816666666666666,ATCNet,Yang2025,MI
34,0.86,0.5233333333333333,0.8483333333333334,0.47,ATCNet,Yang2025,MI
35,0.7933333333333333,0.7816666666666666,0.7716666666666666,0.6333333333333333,ATCNet,Yang2025,MI
36,0.8516666666666667,0.8166666666666667,0.845,0.7733333333333333,ATCNet,Yang2025,MI
37,,0.83,0.855,0.7933333333333333,ATCNet,Yang2025,MI
38,0.5283333333333333,0.5916666666666667,0.6083333333333333,0.525,ATCNet,Yang2025,MI
39,0.8266666666666667,0.73,0.795,0.7416666666666667,ATCNet,Yang2025,MI
4,0.535,0.5016666666666667,0.5333333333333333,0.5433333333333333,ATCNet,Yang2025,MI
40,0.8133333333333334,0.73,0.7916666666666666,0.7366666666666667,ATCNet,Yang2025,MI
41,0.9083333333333333,0.8883333333333333,0.9233333333333333,0.8716666666666667,ATCNet,Yang2025,MI
42,0.7466666666666667,0.7283333333333334,0.6916666666666667,0.6983333333333334,ATCNet,Yang2025,MI
43,0.9166666666666666,0.8616666666666667,0.9,0.8083333333333333,ATCNet,Yang2025,MI
44,0.64,0.6283333333333333,0.66,0.6166666666666667,ATCNet,Yang2025,MI
45,0.7666666666666667,0.7266666666666667,0.7466666666666667,0.6216666666666667,ATCNet,Yang2025,MI
46,0.9033333333333333,0.8566666666666667,0.9266666666666666,0.8733333333333333,ATCNet,Yang2025,MI
47,0.7766666666666666,0.7883333333333333,0.7866666666666666,0.7033333333333334,ATCNet,Yang2025,MI
48,0.8116666666666666,0.7916666666666666,0.8533333333333334,0.7416666666666667,ATCNet,Yang2025,MI
49,0.89,0.8016666666666666,0.84,0.7866666666666666,ATCNet,Yang2025,MI
5,0.8433333333333334,0.7,0.8666666666666667,0.7483333333333333,ATCNet,Yang2025,MI
50,0.8983333333333333,0.9016666666666666,0.9033333333333333,0.8166666666666667,ATCNet,Yang2025,MI
51,0.85,0.7833333333333333,0.835,0.7633333333333333,ATCNet,Yang2025,MI
6,0.9483333333333334,0.86,0.9483333333333334,0.9233333333333333,ATCNet,Yang2025,MI
7,0.6716666666666666,0.6633333333333333,0.645,0.67,ATCNet,Yang2025,MI
8,0.865,0.785,0.795,0.835,ATCNet,Yang2025,MI
9,0.6883333333333334,0.6733333333333333,0.6666666666666666,0.58,ATCNet,Yang2025,MI
1,0.8728813559322034,0.8266747376916869,0.8807506053268765,0.8254640839386602,DeepConvNet,BI2015a,P300
10,0.9417562724014337,0.8655913978494624,0.9408602150537635,0.8987455197132617,DeepConvNet,BI2015a,P300
11,0.9104166666666667,0.80625,0.9277777777777778,0.8319444444444445,DeepConvNet,BI2015a,P300
12,0.8696236559139785,0.803763440860215,0.8776881720430108,0.842741935483871,DeepConvNet,BI2015a,P300
13,0.9480994152046783,0.8223684210526315,0.9305555555555556,0.8940058479532164,DeepConvNet,BI2015a,P300
14,,0.8198005698005698,0.8924501424501424,0.782051282051282,DeepConvNet,BI2015a,P300
15,0.9341269841269841,0.8325396825396826,0.9285714285714286,0.8944444444444445,DeepConvNet,BI2015a,P300
16,0.942063492063492,0.8817460317460317,0.9349206349206349,0.9031746031746032,DeepConvNet,BI2015a,P300
17,0.8975308641975308,0.8228395061728395,0.9024691358024691,0.8734567901234568,DeepConvNet,BI2015a,P300
18,0.9055555555555556,0.817283950617284,0.9092592592592592,0.8530864197530864,DeepConvNet,BI2015a,P300
19,0.9088888888888889,0.8155555555555556,0.9022222222222223,0.8833333333333333,DeepConvNet,BI2015a,P300
2,0.9398148148148148,0.8478835978835979,0.9417989417989417,0.9252645502645502,DeepConvNet,BI2015a,P300
20,0.9351851851851852,0.8438271604938271,0.9308641975308642,0.8925925925925926,DeepConvNet,BI2015a,P300
21,0.946031746031746,0.8420634920634921,0.9341269841269841,0.9238095238095239,DeepConvNet,BI2015a,P300
22,0.9141414141414141,0.8282828282828283,0.9242424242424242,0.8838383838383839,DeepConvNet,BI2015a,P300
23,0.89546783625731,0.8516081871345029,0.9064327485380117,0.8808479532163743,DeepConvNet,BI2015a,P300
24,0.9452160493827161,0.8148148148148148,0.9344135802469136,0.9189814814814815,DeepConvNet,BI2015a,P300
25,0.8793103448275862,0.8050766283524904,0.9099616858237548,0.8189655172413793,DeepConvNet,BI2015a,P300
26,0.9623655913978495,0.8915770609318996,0.9525089605734767,0.9408602150537635,DeepConvNet,BI2015a,P300
27,0.8677918424753868,0.790084388185654,0.8586497890295358,0.849507735583685,DeepConvNet,BI2015a,P300
28,0.9,0.8177777777777778,0.8838888888888888,0.8777777777777778,DeepConvNet,BI2015a,P300
29,0.8867102396514162,0.815359477124183,0.8976034858387799,0.8474945533769063,DeepConvNet,BI2015a,P300
3,0.9559386973180076,0.8793103448275862,0.960727969348659,0.8687739463601533,DeepConvNet,BI2015a,P300
30,0.9547325102880658,0.8837448559670782,0.9567901234567902,0.897119341563786,DeepConvNet,BI2015a,P300
31,0.8525925925925926,0.7944444444444444,0.8474074074074074,0.82,DeepConvNet,BI2015a,P300
32,0.9265232974910395,0.8754480286738351,0.931899641577061,0.9121863799283154,DeepConvNet,BI2015a,P300
33,0.923941798941799,0.8392857142857143,0.9318783068783069,0.9014550264550265,DeepConvNet,BI2015a,P300
34,0.9222222222222223,0.8198412698412698,0.9246031746031746,0.9031746031746032,DeepConvNet,BI2015a,P300
35,0.8502415458937198,0.8119967793880838,0.8389694041867954,0.8518518518518519,DeepConvNet,BI2015a,P300
36,0.9381944444444444,0.8506944444444444,0.9430555555555555,0.8770833333333333,DeepConvNet,BI2015a,P300
37,0.8773809523809524,0.7694444444444445,0.8734126984126984,0.7690476190476191,DeepConvNet,BI2015a,P300
38,0.9219219219219219,0.7927927927927928,0.9174174174174174,0.8618618618618619,DeepConvNet,BI2015a,P300
39,,0.8072562358276644,0.8877551020408163,0.8333333333333334,DeepConvNet,BI2015a,P300
4,0.9479166666666666,0.8791666666666667,0.9527777777777777,0.9270833333333334,DeepConvNet,BI2015a,P300
40,0.9192386831275721,0.8626543209876543,0.9331275720164609,0.8868312757201646,DeepConvNet,BI2015a,P300
41,0.9148148148148149,0.832716049382716,0.9061728395061729,0.8209876543209876,DeepConvNet,BI2015a,P300
42,0.865009746588694,0.8094541910331384,0.8762183235867447,0.851364522417154,DeepConvNet,BI2015a,P300
43,0.9588122605363985,0.8582375478927203,0.9434865900383141,0.9406130268199234,DeepConvNet,BI2015a,P300
5,0.9335016835016835,0.8846801346801347,0.9444444444444444,0.9116161616161617,DeepConvNet,BI2015a,P300
6,0.9059343434343434,0.8061868686868687,0.9116161616161617,0.7992424242424242,DeepConvNet,BI2015a,P300
7,0.9321895424836601,0.8627450980392157,0.9436274509803921,0.7949346405228758,DeepConvNet,BI2015a,P300
8,0.9351851851851852,0.8055555555555556,0.9305555555555556,0.8835978835978836,DeepConvNet,BI2015a,P300
9,0.9069069069069069,0.8445945945945946,0.9106606606606606,0.8731231231231231,DeepConvNet,BI2015a,P300
1,0.578125,0.6423611111111112,0.6336805555555556,0.5746527777777778,DeepConvNet,BNCI2014_001,MI
2,0.4444444444444444,0.3350694444444444,0.484375,0.3003472222222222,DeepConvNet,BNCI2014_001,MI
3,0.7604166666666666,0.6822916666666666,0.8125,0.7326388888888888,DeepConvNet,BNCI2014_001,MI
4,0.5815972222222222,0.4548611111111111,0.6475694444444444,0.3628472222222222,DeepConvNet,BNCI2014_001,MI
5,0.4930555555555556,0.3298611111111111,0.5989583333333334,0.2795138888888889,DeepConvNet,BNCI2014_001,MI
6,0.5034722222222222,0.4947916666666667,0.4982638888888889,0.3489583333333333,DeepConvNet,BNCI2014_001,MI
7,0.5729166666666666,0.3298611111111111,0.703125,0.3819444444444444,DeepConvNet,BNCI2014_001,MI
8,0.6128472222222222,0.4756944444444444,0.6666666666666666,0.4409722222222222,DeepConvNet,BNCI2014_001,MI
9,0.6527777777777778,0.5138888888888888,0.7083333333333334,0.5416666666666666,DeepConvNet,BNCI2014_001,MI
1,0.9762645914396887,0.9421011673151751,0.9778210116731517,0.9505058365758755,DeepConvNet,Huebner2017,P300
10,0.9844918952618454,0.9507481296758105,0.9854270573566085,0.9536315461346634,DeepConvNet,Huebner2017,P300
11,0.8838820141645264,0.8458245777881547,0.8922095104677407,0.8212312242197837,DeepConvNet,Huebner2017,P300
12,0.9664643635231871,0.9414877061935886,0.971677559912854,0.8560535325241208,DeepConvNet,Huebner2017,P300
13,0.9775892926620496,0.9139366586257879,0.9791455917827406,0.8685705392576453,DeepConvNet,Huebner2017,P300
2,0.9604730781201369,0.9064737005913477,0.9687208216619981,0.8923124805477747,DeepConvNet,Huebner2017,P300
3,0.9554085603112841,0.880544747081712,0.9603112840466926,0.8663035019455253,DeepConvNet,Huebner2017,P300
4,0.9862256809338521,0.8957976653696498,0.982023346303502,0.9417120622568094,DeepConvNet,Huebner2017,P300
5,0.9430438842203548,0.8860099595393713,0.9468565203859322,0.889666977902272,DeepConvNet,Huebner2017,P300
6,0.9851722124927028,0.9520140105078809,0.9835376532399299,0.9381202568593111,DeepConvNet,Huebner2017,P300
7,0.992296918767507,0.9400093370681606,0.9928415810768751,0.9332399626517274,DeepConvNet,Huebner2017,P300
8,0.914396887159533,0.8242023346303502,0.917431906614786,0.7991439688715953,DeepConvNet,Huebner2017,P300
9,0.9778244631185807,0.9452225334578276,0.9790694055399938,0.9581388110799876,DeepConvNet,Huebner2017,P300
1,0.9784298620351565,0.9485258071293508,0.9821416065550809,0.9569297569857833,DeepConvNet,Huebner2018,P300
10,0.9420168067226891,0.869187675070028,0.9392156862745098,0.8853641456582633,DeepConvNet,Huebner2018,P300
11,0.9295962863975242,0.8511042340694894,0.9384582923055282,0.8364748909832607,DeepConvNet,Huebner2018,P300
12,0.940266106442577,0.849719887955182,0.9426470588235294,0.8331932773109244,DeepConvNet,Huebner2018,P300
2,0.9845938375350141,0.9533613445378152,0.9859943977591037,0.9698179271708683,DeepConvNet,Huebner2018,P300
3,0.9833333333333333,0.9672268907563025,0.984873949579832,0.9689775910364146,DeepConvNet,Huebner2018,P300
4,0.963655462184874,0.915126050420168,0.9647058823529412,0.9140756302521008,DeepConvNet,Huebner2018,P300
5,0.9340759422726636,0.8026481715006305,0.9366680678156089,0.8179206949698753,DeepConvNet,Huebner2018,P300
6,0.982703081232493,0.8602240896358544,0.9849439775910365,0.8299719887955183,DeepConvNet,Huebner2018,P300
7,0.9457130848977304,0.8940879798262819,0.9525077052395629,0.8748248809190249,DeepConvNet,Huebner2018,P300
8,0.9351540616246499,0.8160364145658263,0.9380252100840336,0.7927871148459383,DeepConvNet,Huebner2018,P300
9,0.9518173541564535,0.7810070733244625,0.9584704811261293,0.7856992786609707,DeepConvNet,Huebner2018,P300
1,0.28125,0.203125,0.21875,0.296875,DeepConvNet,Kalunga2016,SSVEP
10,0.296875,0.34375,0.2734375,0.2421875,DeepConvNet,Kalunga2016,SSVEP
11,0.234375,0.265625,0.265625,0.328125,DeepConvNet,Kalunga2016,SSVEP
12,0.25,0.2875,0.25625,0.26875,DeepConvNet,Kalunga2016,SSVEP
2,0.265625,0.25,0.25,0.3125,DeepConvNet,Kalunga2016,SSVEP
3,0.421875,0.46875,0.46875,0.359375,DeepConvNet,Kalunga2016,SSVEP
4,0.328125,0.25,0.21875,0.328125,DeepConvNet,Kalunga2016,SSVEP
5,0.265625,0.28125,0.21875,0.203125,DeepConvNet,Kalunga2016,SSVEP
6,0.359375,0.34375,0.265625,0.3125,DeepConvNet,Kalunga2016,SSVEP
7,0.3125,0.3958333333333333,0.3229166666666667,0.28125,DeepConvNet,Kalunga2016,SSVEP
8,0.296875,0.296875,0.171875,0.265625,DeepConvNet,Kalunga2016,SSVEP
9,0.265625,0.265625,0.1875,0.296875,DeepConvNet,Kalunga2016,SSVEP
1,0.725,0.725,0.755,0.78,DeepConvNet,Lee2019_MI,MI
10,0.765,0.735,0.715,0.7,DeepConvNet,Lee2019_MI,MI
11,0.685,0.61,0.69,0.55,DeepConvNet,Lee2019_MI,MI
12,0.8,0.815,0.78,0.77,DeepConvNet,Lee2019_MI,MI
13,0.74,0.795,0.74,0.73,DeepConvNet,Lee2019_MI,MI
14,0.685,0.675,0.7,0.645,DeepConvNet,Lee2019_MI,MI
15,0.875,0.855,0.86,0.89,DeepConvNet,Lee2019_MI,MI
16,0.835,0.815,0.81,0.81,DeepConvNet,Lee2019_MI,MI
17,0.645,0.79,0.79,0.675,DeepConvNet,Lee2019_MI,MI
18,0.945,0.905,0.965,0.96,DeepConvNet,Lee2019_MI,MI
19,0.81,0.685,0.835,0.655,DeepConvNet,Lee2019_MI,MI
2,0.795,0.83,0.815,0.75,DeepConvNet,Lee2019_MI,MI
20,0.89,0.895,0.9,0.865,DeepConvNet,Lee2019_MI,MI
21,0.97,0.97,0.945,0.89,DeepConvNet,Lee2019_MI,MI
22,0.675,0.845,0.77,0.74,DeepConvNet,Lee2019_MI,MI
23,0.815,0.785,0.76,0.805,DeepConvNet,Lee2019_MI,MI
24,0.835,0.815,0.735,0.805,DeepConvNet,Lee2019_MI,MI
25,0.91,0.83,0.9,0.885,DeepConvNet,Lee2019_MI,MI
26,0.865,0.835,0.825,0.85,DeepConvNet,Lee2019_MI,MI
27,0.895,0.895,0.9,0.9,DeepConvNet,Lee2019_MI,MI
28,0.915,0.945,0.92,0.915,DeepConvNet,Lee2019_MI,MI
29,0.805,0.76,0.845,0.67,DeepConvNet,Lee2019_MI,MI
3,0.885,0.95,0.91,0.89,DeepConvNet,Lee2019_MI,MI
30,0.865,0.795,0.895,0.785,DeepConvNet,Lee2019_MI,MI
31,0.875,0.91,0.88,0.905,DeepConvNet,Lee2019_MI,MI
32,0.925,0.915,0.935,0.815,DeepConvNet,Lee2019_MI,MI
33,0.97,0.975,0.98,0.965,DeepConvNet,Lee2019_MI,MI
34,0.68,0.655,0.715,0.635,DeepConvNet,Lee2019_MI,MI
35,0.945,0.885,0.96,0.835,DeepConvNet,Lee2019_MI,MI
36,0.98,0.98,0.985,0.975,DeepConvNet,Lee2019_MI,MI
37,0.97,0.93,0.96,0.965,DeepConvNet,Lee2019_MI,MI
38,0.7,0.845,0.855,0.655,DeepConvNet,Lee2019_MI,MI
39,0.835,0.81,0.835,0.77,DeepConvNet,Lee2019_MI,MI
4,0.715,0.775,0.77,0.675,DeepConvNet,Lee2019_MI,MI
40,0.865,0.835,0.865,0.795,DeepConvNet,Lee2019_MI,MI
41,0.78,0.68,0.8,0.56,DeepConvNet,Lee2019_MI,MI
42,0.665,0.775,0.725,0.75,DeepConvNet,Lee2019_MI,MI
43,0.81,0.87,0.825,0.785,DeepConvNet,Lee2019_MI,MI
44,0.895,0.81,0.88,0.795,DeepConvNet,Lee2019_MI,MI
45,0.93,0.925,0.955,0.915,DeepConvNet,Lee2019_MI,MI
46,0.7,0.785,0.775,0.65,DeepConvNet,Lee2019_MI,MI
47,0.86,0.89,0.87,0.865,DeepConvNet,Lee2019_MI,MI
48,0.69,0.73,0.68,0.725,DeepConvNet,Lee2019_MI,MI
49,0.875,0.785,0.86,0.76,DeepConvNet,Lee2019_MI,MI
5,0.92,0.875,0.89,0.86,DeepConvNet,Lee2019_MI,MI
50,0.705,0.695,0.735,0.55,DeepConvNet,Lee2019_MI,MI
51,0.81,0.77,0.775,0.73,DeepConvNet,Lee2019_MI,MI
52,0.865,0.835,0.82,0.775,DeepConvNet,Lee2019_MI,MI
53,0.77,0.81,0.82,0.71,DeepConvNet,Lee2019_MI,MI
54,0.72,0.66,0.73,0.65,DeepConvNet,Lee2019_MI,MI
6,0.94,0.865,0.93,0.825,DeepConvNet,Lee2019_MI,MI
7,0.765,0.805,0.86,0.675,DeepConvNet,Lee2019_MI,MI
8,0.745,0.8,0.785,0.78,DeepConvNet,Lee2019_MI,MI
9,0.865,0.84,0.835,0.855,DeepConvNet,Lee2019_MI,MI
1,0.975,0.96,0.975,0.96,DeepConvNet,Lee2019_SSVEP,SSVEP
10,1.0,0.99,0.995,1.0,DeepConvNet,Lee2019_SSVEP,SSVEP
11,1.0,1.0,1.0,1.0,DeepConvNet,Lee2019_SSVEP,SSVEP
12,0.975,0.985,0.97,0.985,DeepConvNet,Lee2019_SSVEP,SSVEP
13,0.985,0.985,0.995,0.95,DeepConvNet,Lee2019_SSVEP,SSVEP
14,0.97,0.93,0.99,0.85,DeepConvNet,Lee2019_SSVEP,SSVEP
15,1.0,1.0,1.0,0.88,DeepConvNet,Lee2019_SSVEP,SSVEP
16,1.0,1.0,1.0,1.0,DeepConvNet,Lee2019_SSVEP,SSVEP
17,0.99,0.975,0.98,0.99,DeepConvNet,Lee2019_SSVEP,SSVEP
18,0.995,0.99,0.985,0.995,DeepConvNet,Lee2019_SSVEP,SSVEP
19,0.98,0.98,0.99,0.985,DeepConvNet,Lee2019_SSVEP,SSVEP
2,0.995,0.99,0.995,0.995,DeepConvNet,Lee2019_SSVEP,SSVEP
20,0.99,1.0,0.99,0.995,DeepConvNet,Lee2019_SSVEP,SSVEP
21,0.985,0.94,0.965,0.995,DeepConvNet,Lee2019_SSVEP,SSVEP
22,0.95,0.95,0.99,0.93,DeepConvNet,Lee2019_SSVEP,SSVEP
23,0.515,0.335,0.525,0.35,DeepConvNet,Lee2019_SSVEP,SSVEP
24,0.99,0.985,0.995,0.985,DeepConvNet,Lee2019_SSVEP,SSVEP
25,0.975,0.96,0.98,0.985,DeepConvNet,Lee2019_SSVEP,SSVEP
26,0.995,0.99,1.0,0.995,DeepConvNet,Lee2019_SSVEP,SSVEP
27,1.0,0.99,0.995,1.0,DeepConvNet,Lee2019_SSVEP,SSVEP
28,0.975,0.99,0.98,0.985,DeepConvNet,Lee2019_SSVEP,SSVEP
29,0.98,0.97,0.98,0.965,DeepConvNet,Lee2019_SSVEP,SSVEP
3,0.94,0.945,0.955,0.95,DeepConvNet,Lee2019_SSVEP,SSVEP
30,0.995,0.995,0.995,0.99,DeepConvNet,Lee2019_SSVEP,SSVEP
31,1.0,1.0,1.0,1.0,DeepConvNet,Lee2019_SSVEP,SSVEP
32,0.97,0.915,0.985,0.93,DeepConvNet,Lee2019_SSVEP,SSVEP
33,0.995,1.0,1.0,0.995,DeepConvNet,Lee2019_SSVEP,SSVEP
34,0.83,0.8,0.895,0.79,DeepConvNet,Lee2019_SSVEP,SSVEP
35,0.995,0.99,0.995,0.99,DeepConvNet,Lee2019_SSVEP,SSVEP
36,1.0,1.0,1.0,1.0,DeepConvNet,Lee2019_SSVEP,SSVEP
37,0.985,0.995,0.99,0.99,DeepConvNet,Lee2019_SSVEP,SSVEP
38,0.995,0.995,0.99,1.0,DeepConvNet,Lee2019_SSVEP,SSVEP
39,1.0,1.0,1.0,1.0,DeepConvNet,Lee2019_SSVEP,SSVEP
4,1.0,0.99,1.0,1.0,DeepConvNet,Lee2019_SSVEP,SSVEP
40,0.95,0.955,0.955,0.95,DeepConvNet,Lee2019_SSVEP,SSVEP
41,0.99,0.99,0.995,0.995,DeepConvNet,Lee2019_SSVEP,SSVEP
42,0.81,0.82,0.825,0.825,DeepConvNet,Lee2019_SSVEP,SSVEP
43,1.0,1.0,1.0,1.0,DeepConvNet,Lee2019_SSVEP,SSVEP
44,0.995,0.99,1.0,0.995,DeepConvNet,Lee2019_SSVEP,SSVEP
45,0.98,0.965,0.975,0.97,DeepConvNet,Lee2019_SSVEP,SSVEP
46,1.0,0.975,1.0,0.965,DeepConvNet,Lee2019_SSVEP,SSVEP
47,0.655,0.655,0.675,0.645,DeepConvNet,Lee2019_SSVEP,SSVEP
48,0.995,0.995,0.995,0.995,DeepConvNet,Lee2019_SSVEP,SSVEP
49,1.0,1.0,1.0,1.0,DeepConvNet,Lee2019_SSVEP,SSVEP
5,0.87,0.88,0.885,0.87,DeepConvNet,Lee2019_SSVEP,SSVEP
50,,0.99,1.0,0.995,DeepConvNet,Lee2019_SSVEP,SSVEP
51,0.87,0.835,0.875,0.84,DeepConvNet,Lee2019_SSVEP,SSVEP
52,1.0,0.99,1.0,0.985,DeepConvNet,Lee2019_SSVEP,SSVEP
53,1.0,1.0,1.0,1.0,DeepConvNet,Lee2019_SSVEP,SSVEP
54,0.915,0.855,0.915,0.805,DeepConvNet,Lee2019_SSVEP,SSVEP
6,1.0,0.985,1.0,1.0,DeepConvNet,Lee2019_SSVEP,SSVEP
7,1.0,1.0,0.995,1.0,DeepConvNet,Lee2019_SSVEP,SSVEP
8,0.975,0.97,0.98,0.975,DeepConvNet,Lee2019_SSVEP,SSVEP
9,0.99,0.98,0.995,0.985,DeepConvNet,Lee2019_SSVEP,SSVEP
1,0.232,0.2,0.216,0.304,DeepConvNet,MAMEM2,SSVEP
10,0.168,0.2,0.128,0.2,DeepConvNet,MAMEM2,SSVEP
2,0.248,0.272,0.248,0.224,DeepConvNet,MAMEM2,SSVEP
3,0.208,0.192,0.192,0.248,DeepConvNet,MAMEM2,SSVEP
4,0.2,0.216,0.216,0.208,DeepConvNet,MAMEM2,SSVEP
5,0.232,0.184,0.2,0.24,DeepConvNet,MAMEM2,SSVEP
6,0.216,0.168,0.152,0.232,DeepConvNet,MAMEM2,SSVEP
7,0.192,0.208,0.16,0.208,DeepConvNet,MAMEM2,SSVEP
8,0.256,0.2,0.216,0.2,DeepConvNet,MAMEM2,SSVEP
9,0.152,0.176,0.2,0.104,DeepConvNet,MAMEM2,SSVEP
1,0.975,0.955,0.9683333333333334,0.9733333333333334,DeepConvNet,Yang2025,MI
10,0.9066666666666666,0.845,0.9066666666666666,0.895,DeepConvNet,Yang2025,MI
11,0.96,0.9216666666666666,0.9416666666666667,0.9466666666666667,DeepConvNet,Yang2025,MI
12,0.615,0.6216666666666667,0.6083333333333333,0.6516666666666666,DeepConvNet,Yang2025,MI
13,0.86,0.755,0.835,0.8216666666666667,DeepConvNet,Yang2025,MI
14,0.5833333333333334,0.5983333333333334,0.5633333333333334,0.585,DeepConvNet,Yang2025,MI
15,0.8783333333333333,0.7966666666666666,0.9033333333333333,0.8366666666666667,DeepConvNet,Yang2025,MI
16,0.675,0.6,0.6133333333333333,0.6716666666666666,DeepConvNet,Yang2025,MI
17,0.8433333333333334,0.8366666666666667,0.8616666666666667,0.84,DeepConvNet,Yang2025,MI
18,0.7066666666666667,0.6766666666666666,0.695,0.7233333333333334,DeepConvNet,Yang2025,MI
19,0.8916666666666667,0.8766666666666667,0.875,0.8866666666666667,DeepConvNet,Yang2025,MI
2,0.7016666666666667,0.6983333333333334,0.6916666666666667,0.755,DeepConvNet,Yang2025,MI
20,0.9533333333333334,0.82,0.9433333333333334,0.78,DeepConvNet,Yang2025,MI
21,0.9166666666666666,0.9166666666666666,0.9333333333333333,0.9133333333333333,DeepConvNet,Yang2025,MI
22,0.8983333333333333,0.8583333333333333,0.885,0.8516666666666667,DeepConvNet,Yang2025,MI
23,0.9833055091819699,0.9632721202003339,0.9749582637729549,0.9582637729549248,DeepConvNet,Yang2025,MI
24,0.9865319865319865,0.9393939393939394,0.9797979797979798,0.9764309764309764,DeepConvNet,Yang2025,MI
25,0.98,0.9466666666666667,0.9566666666666667,0.9366666666666666,DeepConvNet,Yang2025,MI
26,0.9549248747913188,0.9115191986644408,0.9549248747913188,0.8497495826377296,DeepConvNet,Yang2025,MI
27,0.7516666666666667,0.6766666666666666,0.6983333333333334,0.6816666666666666,DeepConvNet,Yang2025,MI
28,0.945,0.8333333333333334,0.8883333333333333,0.8866666666666667,DeepConvNet,Yang2025,MI
29,0.92,0.75,0.865,0.8133333333333334,DeepConvNet,Yang2025,MI
3,0.98,0.9566666666666667,0.98,0.9683333333333334,DeepConvNet,Yang2025,MI
30,0.975,0.8833333333333333,0.9666666666666667,0.9616666666666667,DeepConvNet,Yang2025,MI
31,0.845,0.7616666666666667,0.8033333333333333,0.8266666666666667,DeepConvNet,Yang2025,MI
32,0.6961602671118531,0.6043405676126878,0.6126878130217028,0.5926544240400667,DeepConvNet,Yang2025,MI
33,0.975,0.9466666666666667,0.9683333333333334,0.9583333333333334,DeepConvNet,Yang2025,MI
34,0.8533333333333334,0.645,0.7666666666666667,0.6733333333333333,DeepConvNet,Yang2025,MI
35,0.9816666666666667,0.9833333333333333,0.9816666666666667,0.97,DeepConvNet,Yang2025,MI
36,0.9466666666666667,0.93,0.9433333333333334,0.9316666666666666,DeepConvNet,Yang2025,MI
37,0.9533333333333334,0.8716666666666667,0.9366666666666666,0.8683333333333333,DeepConvNet,Yang2025,MI
38,0.7133333333333334,0.6833333333333333,0.7983333333333333,0.6133333333333333,DeepConvNet,Yang2025,MI
39,0.83,0.74,0.7866666666666666,0.7483333333333333,DeepConvNet,Yang2025,MI
4,0.575,0.5783333333333334,0.5716666666666667,0.5983333333333334,DeepConvNet,Yang2025,MI
40,0.9016666666666666,0.8466666666666667,0.87,0.825,DeepConvNet,Yang2025,MI
41,0.9133333333333333,0.8783333333333333,0.9066666666666666,0.8566666666666667,DeepConvNet,Yang2025,MI
42,0.8666666666666667,0.8566666666666667,0.8566666666666667,0.8783333333333333,DeepConvNet,Yang2025,MI
43,1.0,0.9916666666666667,0.9983333333333333,0.9966666666666667,DeepConvNet,Yang2025,MI
44,0.775,0.7433333333333333,0.755,0.72,DeepConvNet,Yang2025,MI
45,0.9066666666666666,0.905,0.9,0.9033333333333333,DeepConvNet,Yang2025,MI
46,0.9966666666666667,0.975,0.99,0.98,DeepConvNet,Yang2025,MI
47,0.9366666666666666,0.9166666666666666,0.9366666666666666,0.92,DeepConvNet,Yang2025,MI
48,0.9333333333333333,0.885,0.9183333333333333,0.9066666666666666,DeepConvNet,Yang2025,MI
49,0.98,0.8833333333333333,0.94,0.9483333333333334,DeepConvNet,Yang2025,MI
5,0.9066666666666666,0.87,0.9116666666666666,0.91,DeepConvNet,Yang2025,MI
50,0.98,0.97,0.9683333333333334,0.9666666666666667,DeepConvNet,Yang2025,MI
51,0.9366666666666666,0.8766666666666667,0.9316666666666666,0.8933333333333333,DeepConvNet,Yang2025,MI
6,0.9816666666666667,0.96,0.9883333333333333,0.9683333333333334,DeepConvNet,Yang2025,MI
7,0.8583333333333333,0.8283333333333334,0.845,0.85,DeepConvNet,Yang2025,MI
8,0.9533333333333334,0.9133333333333333,0.925,0.9483333333333334,DeepConvNet,Yang2025,MI
9,0.7433333333333333,0.7283333333333334,0.7366666666666667,0.7783333333333333,DeepConvNet,Yang2025,MI
1,0.8472558514931396,0.8369652945924132,0.879136400322841,0.8333333333333334,EEGNetv4,BI2015a,P300
10,0.9265232974910395,0.8790322580645161,0.9444444444444444,0.9014336917562724,EEGNetv4,BI2015a,P300
11,0.8895833333333333,0.80625,0.9020833333333333,0.83125,EEGNetv4,BI2015a,P300
12,0.8696236559139785,0.8091397849462365,0.8745519713261649,0.8342293906810035,EEGNetv4,BI2015a,P300
13,0.9364035087719298,0.8165204678362573,0.9283625730994152,0.8896198830409356,EEGNetv4,BI2015a,P300
14,0.886039886039886,0.8290598290598291,0.896011396011396,0.8148148148148148,EEGNetv4,BI2015a,P300
15,0.9174603174603174,0.8380952380952381,0.9206349206349206,0.9007936507936508,EEGNetv4,BI2015a,P300
16,0.9253968253968254,0.8809523809523809,0.930952380952381,0.9015873015873016,EEGNetv4,BI2015a,P300
17,0.8882716049382716,0.8351851851851851,0.8950617283950617,0.8623456790123457,EEGNetv4,BI2015a,P300
18,0.8962962962962963,0.8154320987654321,0.9037037037037037,0.8277777777777777,EEGNetv4,BI2015a,P300
19,0.8927777777777778,0.7994444444444444,0.8972222222222223,0.875,EEGNetv4,BI2015a,P300
2,0.9318783068783069,0.843915343915344,0.9305555555555556,0.9001322751322751,EEGNetv4,BI2015a,P300
20,0.921604938271605,0.8351851851851851,0.9209876543209876,0.8759259259259259,EEGNetv4,BI2015a,P300
21,0.9428571428571428,0.8634920634920635,0.926984126984127,0.9182539682539682,EEGNetv4,BI2015a,P300
22,0.9116161616161617,0.8232323232323232,0.913510101010101,0.8794191919191919,EEGNetv4,BI2015a,P300
23,0.8771929824561403,0.85453216374269,0.9027777777777778,0.875,EEGNetv4,BI2015a,P300
24,0.9359567901234568,0.8333333333333334,0.9274691358024691,0.9020061728395061,EEGNetv4,BI2015a,P300
25,0.8706896551724138,0.8012452107279694,0.8975095785440613,0.8299808429118773,EEGNetv4,BI2015a,P300
26,0.9471326164874552,0.8906810035842294,0.9498207885304659,0.9327956989247311,EEGNetv4,BI2015a,P300
27,0.8533755274261603,0.8037974683544303,0.8660337552742616,0.8396624472573839,EEGNetv4,BI2015a,P300
28,0.8816666666666667,0.8194444444444444,0.8783333333333333,0.8655555555555555,EEGNetv4,BI2015a,P300
29,0.8616557734204793,0.7979302832244008,0.8921568627450981,0.8442265795206971,EEGNetv4,BI2015a,P300
3,0.9415708812260536,0.8371647509578544,0.9540229885057471,0.8515325670498084,EEGNetv4,BI2015a,P300
30,0.8765432098765432,0.8786008230452675,0.9516460905349794,0.8786008230452675,EEGNetv4,BI2015a,P300
31,0.8407407407407408,0.8048148148148148,0.8548148148148148,0.8292592592592593,EEGNetv4,BI2015a,P300
32,0.9068100358422939,0.8772401433691757,0.9139784946236559,0.9014336917562724,EEGNetv4,BI2015a,P300
33,0.9107142857142857,0.8366402116402116,0.9252645502645502,0.8941798941798942,EEGNetv4,BI2015a,P300
34,0.9174603174603174,0.8246031746031746,0.919047619047619,0.8873015873015873,EEGNetv4,BI2015a,P300
35,0.8409822866344605,0.8272946859903382,0.8494363929146538,0.8345410628019324,EEGNetv4,BI2015a,P300
36,0.9305555555555556,0.8458333333333333,0.9215277777777777,0.8770833333333333,EEGNetv4,BI2015a,P300
37,0.8638888888888889,0.7888888888888889,0.8674603174603175,0.8095238095238095,EEGNetv4,BI2015a,P300
38,0.9136636636636637,0.8040540540540541,0.9114114114114115,0.8648648648648649,EEGNetv4,BI2015a,P300
39,0.8939909297052154,0.800453514739229,0.8798185941043084,0.8333333333333334,EEGNetv4,BI2015a,P300
4,0.9375,0.89375,0.9388888888888889,0.8916666666666667,EEGNetv4,BI2015a,P300
40,0.9156378600823045,0.8544238683127572,0.9192386831275721,0.8626543209876543,EEGNetv4,BI2015a,P300
41,0.8962962962962963,0.8382716049382716,0.8944444444444445,0.8074074074074075,EEGNetv4,BI2015a,P300
42,0.851364522417154,0.807504873294347,0.8669590643274854,0.851364522417154,EEGNetv4,BI2015a,P300
43,0.9588122605363985,0.85727969348659,0.9492337164750958,0.9319923371647509,EEGNetv4,BI2015a,P300
5,0.9267676767676768,0.8720538720538721,0.9335016835016835,0.877104377104377,EEGNetv4,BI2015a,P300
6,0.9046717171717171,0.8106060606060606,0.9185606060606061,0.8308080808080808,EEGNetv4,BI2015a,P300
7,0.9199346405228758,0.8570261437908496,0.9436274509803921,0.8611111111111112,EEGNetv4,BI2015a,P300
8,0.9107142857142857,0.8002645502645502,0.9232804232804233,0.8822751322751323,EEGNetv4,BI2015a,P300
9,0.9084084084084084,0.8468468468468469,0.8993993993993994,0.8558558558558559,EEGNetv4,BI2015a,P300
1,0.7465277777777778,0.6319444444444444,0.8368055555555556,0.6145833333333334,EEGNetv4,BNCI2014_001,MI
2,0.4722222222222222,0.3125,0.5763888888888888,0.3107638888888889,EEGNetv4,BNCI2014_001,MI
3,0.8333333333333334,0.5989583333333334,0.8576388888888888,0.6180555555555556,EEGNetv4,BNCI2014_001,MI
4,0.640625,0.4375,0.6944444444444444,0.4635416666666667,EEGNetv4,BNCI2014_001,MI
5,0.5295138888888888,0.40625,0.6059027777777778,0.3923611111111111,EEGNetv4,BNCI2014_001,MI
6,0.578125,0.5190972222222222,0.6631944444444444,0.3298611111111111,EEGNetv4,BNCI2014_001,MI
7,0.7239583333333334,0.5607638888888888,0.7777777777777778,0.5052083333333334,EEGNetv4,BNCI2014_001,MI
8,0.7274305555555556,0.5486111111111112,0.7586805555555556,0.5451388888888888,EEGNetv4,BNCI2014_001,MI
9,0.7604166666666666,0.6024305555555556,0.8229166666666666,0.4670138888888889,EEGNetv4,BNCI2014_001,MI
1,0.9757976653696498,0.9464591439688715,,0.946692607003891,EEGNetv4,Huebner2017,P300
10,0.9836346633416458,0.9572942643391521,0.9873753117206983,0.963606608478803,EEGNetv4,Huebner2017,P300
11,0.8755545178613121,0.8336057280722236,0.8970347886995097,0.811425013619737,EEGNetv4,Huebner2017,P300
12,0.9638188608776844,0.9424214130096483,0.970432617491441,0.8877995642701525,EEGNetv4,Huebner2017,P300
13,0.972531320519804,0.9365029958758073,0.9786008870904987,0.9224963037895884,EEGNetv4,Huebner2017,P300
2,0.9575941487706193,0.8901338313103019,0.9684873949579832,0.8803299097416745,EEGNetv4,Huebner2017,P300
3,0.9557976653696498,0.8813229571984436,0.9603891050583657,0.8959533073929961,EEGNetv4,Huebner2017,P300
4,0.9865369649805448,0.9248249027237354,0.9853696498054475,0.9543968871595331,EEGNetv4,Huebner2017,P300
5,0.9358076563958917,0.9004046062869592,0.9484126984126984,0.8966697790227202,EEGNetv4,Huebner2017,P300
6,0.9838879159369527,0.9412726211325161,0.9872737886748395,0.9284296555750146,EEGNetv4,Huebner2017,P300
7,0.9936196700902583,0.974400871459695,0.9940865234982882,0.9676314970432618,EEGNetv4,Huebner2017,P300
8,0.913385214007782,0.8573540856031129,0.9236575875486381,0.8171206225680934,EEGNetv4,Huebner2017,P300
9,0.9773576097105509,0.9554154995331466,0.9819483348895114,0.9570494864612512,EEGNetv4,Huebner2017,P300
1,0.9771692695566917,0.9525877162266265,0.9799005532600322,0.9578401848868968,EEGNetv4,Huebner2018,P300
10,0.9432072829131652,0.8834033613445378,0.942156862745098,0.8886554621848739,EEGNetv4,Huebner2018,P300
11,0.919257279504853,0.8517372344914896,0.9431002954001969,0.8191025460683641,EEGNetv4,Huebner2018,P300
12,,0.825,0.9427170868347339,0.8607843137254902,EEGNetv4,Huebner2018,P300
2,0.984873949579832,0.9480392156862745,0.9863445378151261,0.9624649859943978,EEGNetv4,Huebner2018,P300
3,0.9816526610644257,0.9490196078431372,0.982703081232493,0.9445378151260504,EEGNetv4,Huebner2018,P300
4,0.959733893557423,0.9211484593837534,0.9651260504201681,0.9249299719887956,EEGNetv4,Huebner2018,P300
5,0.9332352529073841,0.8169398907103825,0.9394003082527673,0.8390780439960768,EEGNetv4,Huebner2018,P300
6,0.9812324929971988,0.8953081232492998,0.9841736694677871,0.87703081232493,EEGNetv4,Huebner2018,P300
7,0.941720369851499,0.8961193611655927,0.9506864667974222,0.8801485009806669,EEGNetv4,Huebner2018,P300
8,0.936484593837535,0.8133053221288515,0.9339635854341737,0.7990196078431373,EEGNetv4,Huebner2018,P300
9,0.9522375516492751,0.797674907206387,0.961481896491351,0.7816373695636949,EEGNetv4,Huebner2018,P300
1,0.203125,0.359375,0.328125,0.25,EEGNetv4,Kalunga2016,SSVEP
10,0.53125,0.4375,0.5,0.3828125,EEGNetv4,Kalunga2016,SSVEP
11,0.28125,0.421875,0.453125,0.3125,EEGNetv4,Kalunga2016,SSVEP
12,0.40625,0.28125,0.3375,0.2875,EEGNetv4,Kalunga2016,SSVEP
2,0.25,0.21875,0.203125,0.15625,EEGNetv4,Kalunga2016,SSVEP
3,0.78125,0.71875,0.71875,0.765625,EEGNetv4,Kalunga2016,SSVEP
4,0.359375,0.21875,0.28125,0.375,EEGNetv4,Kalunga2016,SSVEP
5,0.140625,0.28125,0.265625,0.25,EEGNetv4,Kalunga2016,SSVEP
6,0.40625,0.34375,0.359375,0.421875,EEGNetv4,Kalunga2016,SSVEP
7,0.3854166666666667,0.4270833333333333,0.5208333333333334,0.4270833333333333,EEGNetv4,Kalunga2016,SSVEP
8,0.234375,0.28125,0.203125,0.265625,EEGNetv4,Kalunga2016,SSVEP
9,,0.390625,0.390625,0.328125,EEGNetv4,Kalunga2016,SSVEP
1,0.725,0.69,0.72,0.705,EEGNetv4,Lee2019_MI,MI
10,0.71,0.705,0.765,0.7,EEGNetv4,Lee2019_MI,MI
11,0.655,0.625,0.69,0.645,EEGNetv4,Lee2019_MI,MI
12,0.75,0.755,0.705,0.75,EEGNetv4,Lee2019_MI,MI
13,0.725,0.715,0.72,0.7,EEGNetv4,Lee2019_MI,MI
14,0.65,0.63,0.6,0.675,EEGNetv4,Lee2019_MI,MI
15,0.87,0.78,0.805,0.77,EEGNetv4,Lee2019_MI,MI
16,0.795,0.77,0.775,0.73,EEGNetv4,Lee2019_MI,MI
17,0.635,0.635,0.725,0.65,EEGNetv4,Lee2019_MI,MI
18,0.9,0.86,0.905,0.87,EEGNetv4,Lee2019_MI,MI
19,0.775,0.775,0.77,0.795,EEGNetv4,Lee2019_MI,MI
2,0.72,0.76,0.71,0.74,EEGNetv4,Lee2019_MI,MI
20,0.835,0.79,0.825,0.83,EEGNetv4,Lee2019_MI,MI
21,0.95,0.945,0.925,0.975,EEGNetv4,Lee2019_MI,MI
22,0.65,0.76,0.815,0.715,EEGNetv4,Lee2019_MI,MI
23,0.76,0.745,0.73,0.685,EEGNetv4,Lee2019_MI,MI
24,0.77,0.695,0.775,0.68,EEGNetv4,Lee2019_MI,MI
25,0.88,0.765,0.85,0.875,EEGNetv4,Lee2019_MI,MI
26,0.79,0.795,0.82,0.76,EEGNetv4,Lee2019_MI,MI
27,0.9,0.88,0.91,0.885,EEGNetv4,Lee2019_MI,MI
28,0.885,0.85,0.875,0.88,EEGNetv4,Lee2019_MI,MI
29,0.78,0.695,0.795,0.805,EEGNetv4,Lee2019_MI,MI
3,0.85,0.86,0.905,0.805,EEGNetv4,Lee2019_MI,MI
30,0.745,0.78,0.785,0.82,EEGNetv4,Lee2019_MI,MI
31,0.83,0.83,0.85,0.825,EEGNetv4,Lee2019_MI,MI
32,0.915,0.875,0.905,0.91,EEGNetv4,Lee2019_MI,MI
33,0.925,0.915,0.925,0.915,EEGNetv4,Lee2019_MI,MI
34,0.67,0.695,0.715,0.635,EEGNetv4,Lee2019_MI,MI
35,0.915,0.805,0.915,0.84,EEGNetv4,Lee2019_MI,MI
36,0.975,0.955,0.97,0.96,EEGNetv4,Lee2019_MI,MI
37,0.875,0.82,0.88,0.845,EEGNetv4,Lee2019_MI,MI
38,0.775,0.7,0.81,0.65,EEGNetv4,Lee2019_MI,MI
39,0.74,0.74,0.77,0.795,EEGNetv4,Lee2019_MI,MI
4,0.685,0.675,0.71,0.645,EEGNetv4,Lee2019_MI,MI
40,0.81,0.78,0.845,0.785,EEGNetv4,Lee2019_MI,MI
41,0.655,0.77,0.78,0.655,EEGNetv4,Lee2019_MI,MI
42,0.67,0.69,0.66,0.655,EEGNetv4,Lee2019_MI,MI
43,0.82,0.84,0.815,0.815,EEGNetv4,Lee2019_MI,MI
44,0.76,0.835,0.83,0.74,EEGNetv4,Lee2019_MI,MI
45,0.845,0.895,0.925,0.855,EEGNetv4,Lee2019_MI,MI
46,0.635,0.665,0.675,0.655,EEGNetv4,Lee2019_MI,MI
47,0.8,0.795,0.805,0.785,EEGNetv4,Lee2019_MI,MI
48,0.635,0.665,0.66,0.63,EEGNetv4,Lee2019_MI,MI
49,0.89,0.745,0.81,0.735,EEGNetv4,Lee2019_MI,MI
5,0.835,0.725,0.79,0.745,EEGNetv4,Lee2019_MI,MI
50,0.55,0.655,0.645,0.525,EEGNetv4,Lee2019_MI,MI
51,0.71,0.74,0.765,0.725,EEGNetv4,Lee2019_MI,MI
52,0.81,0.815,0.785,0.82,EEGNetv4,Lee2019_MI,MI
53,0.77,0.71,0.73,0.79,EEGNetv4,Lee2019_MI,MI
54,0.705,0.715,0.67,0.69,EEGNetv4,Lee2019_MI,MI
6,0.865,0.83,0.855,0.8,EEGNetv4,Lee2019_MI,MI
7,0.685,0.79,0.83,0.665,EEGNetv4,Lee2019_MI,MI
8,0.73,0.75,0.755,0.77,EEGNetv4,Lee2019_MI,MI
9,0.795,0.73,0.765,0.74,EEGNetv4,Lee2019_MI,MI
1,0.95,0.945,0.94,0.95,EEGNetv4,Lee2019_SSVEP,SSVEP
10,0.99,0.98,0.98,,EEGNetv4,Lee2019_SSVEP,SSVEP
11,1.0,0.97,0.99,1.0,EEGNetv4,Lee2019_SSVEP,SSVEP
12,0.965,0.975,0.965,0.97,EEGNetv4,Lee2019_SSVEP,SSVEP
13,0.975,0.985,1.0,0.95,EEGNetv4,Lee2019_SSVEP,SSVEP
14,0.975,0.95,0.985,0.915,EEGNetv4,Lee2019_SSVEP,SSVEP
15,0.995,1.0,1.0,0.88,EEGNetv4,Lee2019_SSVEP,SSVEP
16,0.995,0.995,0.995,0.985,EEGNetv4,Lee2019_SSVEP,SSVEP
17,0.945,0.91,0.945,0.91,EEGNetv4,Lee2019_SSVEP,SSVEP
18,0.98,0.985,0.985,0.98,EEGNetv4,Lee2019_SSVEP,SSVEP
19,0.98,0.985,0.985,0.98,EEGNetv4,Lee2019_SSVEP,SSVEP
2,0.99,0.985,,0.99,EEGNetv4,Lee2019_SSVEP,SSVEP
20,0.98,0.97,0.98,0.98,EEGNetv4,Lee2019_SSVEP,SSVEP
21,0.98,0.845,0.905,0.925,EEGNetv4,Lee2019_SSVEP,SSVEP
22,0.94,0.955,0.95,0.945,EEGNetv4,Lee2019_SSVEP,SSVEP
23,0.505,0.305,0.525,0.34,EEGNetv4,Lee2019_SSVEP,SSVEP
24,0.98,0.985,0.995,0.955,EEGNetv4,Lee2019_SSVEP,SSVEP
25,0.98,0.97,0.97,0.95,EEGNetv4,Lee2019_SSVEP,SSVEP
26,0.99,0.995,1.0,0.98,EEGNetv4,Lee2019_SSVEP,SSVEP
27,1.0,0.99,0.99,1.0,EEGNetv4,Lee2019_SSVEP,SSVEP
28,0.985,0.98,0.975,0.985,EEGNetv4,Lee2019_SSVEP,SSVEP
29,0.985,0.965,0.98,0.925,EEGNetv4,Lee2019_SSVEP,SSVEP
3,0.93,0.945,0.935,0.94,EEGNetv4,Lee2019_SSVEP,SSVEP
30,0.985,0.97,0.985,0.97,EEGNetv4,Lee2019_SSVEP,SSVEP
31,0.985,0.955,0.97,0.97,EEGNetv4,Lee2019_SSVEP,SSVEP
32,0.9,0.8,0.945,0.785,EEGNetv4,Lee2019_SSVEP,SSVEP
33,1.0,1.0,1.0,0.995,EEGNetv4,Lee2019_SSVEP,SSVEP
34,0.84,0.835,0.895,0.805,EEGNetv4,Lee2019_SSVEP,SSVEP
35,0.99,0.99,0.995,0.965,EEGNetv4,Lee2019_SSVEP,SSVEP
36,1.0,1.0,1.0,1.0,EEGNetv4,Lee2019_SSVEP,SSVEP
37,0.995,0.995,0.995,0.99,EEGNetv4,Lee2019_SSVEP,SSVEP
38,0.995,0.995,0.995,0.995,EEGNetv4,Lee2019_SSVEP,SSVEP
39,1.0,1.0,1.0,0.995,EEGNetv4,Lee2019_SSVEP,SSVEP
4,0.995,0.995,0.995,0.995,EEGNetv4,Lee2019_SSVEP,SSVEP
40,0.955,0.955,0.96,0.955,EEGNetv4,Lee2019_SSVEP,SSVEP
41,0.99,0.975,0.97,0.975,EEGNetv4,Lee2019_SSVEP,SSVEP
42,0.81,0.835,0.83,0.815,EEGNetv4,Lee2019_SSVEP,SSVEP
43,1.0,1.0,1.0,0.995,EEGNetv4,Lee2019_SSVEP,SSVEP
44,1.0,0.995,0.995,1.0,EEGNetv4,Lee2019_SSVEP,SSVEP
45,0.965,0.955,0.97,0.95,EEGNetv4,Lee2019_SSVEP,SSVEP
46,1.0,1.0,1.0,1.0,EEGNetv4,Lee2019_SSVEP,SSVEP
47,0.665,0.695,0.67,0.645,EEGNetv4,Lee2019_SSVEP,SSVEP
48,0.995,0.995,1.0,0.995,EEGNetv4,Lee2019_SSVEP,SSVEP
49,1.0,1.0,1.0,1.0,EEGNetv4,Lee2019_SSVEP,SSVEP
5,0.845,0.845,0.875,0.81,EEGNetv4,Lee2019_SSVEP,SSVEP
50,0.995,1.0,1.0,0.995,EEGNetv4,Lee2019_SSVEP,SSVEP
51,0.815,0.82,0.86,0.79,EEGNetv4,Lee2019_SSVEP,SSVEP
52,0.955,0.93,0.98,0.94,EEGNetv4,Lee2019_SSVEP,SSVEP
53,1.0,1.0,1.0,1.0,EEGNetv4,Lee2019_SSVEP,SSVEP
54,0.83,0.58,0.83,0.645,EEGNetv4,Lee2019_SSVEP,SSVEP
6,1.0,0.905,0.985,1.0,EEGNetv4,Lee2019_SSVEP,SSVEP
7,0.995,0.985,0.995,0.98,EEGNetv4,Lee2019_SSVEP,SSVEP
8,0.97,0.94,0.95,0.96,EEGNetv4,Lee2019_SSVEP,SSVEP
9,0.985,0.99,0.985,0.98,EEGNetv4,Lee2019_SSVEP,SSVEP
1,0.192,0.2,0.216,0.264,EEGNetv4,MAMEM2,SSVEP
10,0.256,0.144,0.184,0.192,EEGNetv4,MAMEM2,SSVEP
2,0.2,0.216,0.216,0.192,EEGNetv4,MAMEM2,SSVEP
3,0.248,0.216,0.176,0.184,EEGNetv4,MAMEM2,SSVEP
4,0.216,0.296,0.248,0.232,EEGNetv4,MAMEM2,SSVEP
5,0.288,0.208,0.216,0.256,EEGNetv4,MAMEM2,SSVEP
6,0.184,0.192,0.192,0.184,EEGNetv4,MAMEM2,SSVEP
7,0.232,0.184,0.224,0.184,EEGNetv4,MAMEM2,SSVEP
8,0.224,0.296,0.272,0.184,EEGNetv4,MAMEM2,SSVEP
9,0.2,0.208,0.232,0.232,EEGNetv4,MAMEM2,SSVEP
1,0.95,0.935,0.9433333333333334,0.9316666666666666,EEGNetv4,Yang2025,MI
10,0.8916666666666667,0.815,0.87,0.86,EEGNetv4,Yang2025,MI
11,0.9383333333333334,0.87,0.8933333333333333,0.885,EEGNetv4,Yang2025,MI
12,0.615,0.6066666666666667,0.6216666666666667,0.6266666666666667,EEGNetv4,Yang2025,MI
13,0.8383333333333334,0.7516666666666667,0.8016666666666666,0.7583333333333333,EEGNetv4,Yang2025,MI
14,0.5783333333333334,0.5316666666666666,0.5933333333333334,0.5483333333333333,EEGNetv4,Yang2025,MI
15,0.8033333333333333,0.73,0.845,0.805,EEGNetv4,Yang2025,MI
16,0.6733333333333333,0.545,0.5766666666666667,0.6166666666666667,EEGNetv4,Yang2025,MI
17,0.81,0.8166666666666667,0.825,0.7916666666666666,EEGNetv4,Yang2025,MI
18,0.675,0.625,0.6833333333333333,0.6966666666666667,EEGNetv4,Yang2025,MI
19,0.8666666666666667,0.8433333333333334,0.8516666666666667,0.8566666666666667,EEGNetv4,Yang2025,MI
2,0.655,0.6716666666666666,0.6766666666666666,0.7116666666666667,EEGNetv4,Yang2025,MI
20,0.925,0.8,0.915,0.78,EEGNetv4,Yang2025,MI
21,0.9,0.8666666666666667,0.9016666666666666,0.8633333333333333,EEGNetv4,Yang2025,MI
22,0.865,0.8116666666666666,0.8533333333333334,0.795,EEGNetv4,Yang2025,MI
23,0.9632721202003339,0.9549248747913188,0.9716193656093489,0.9415692821368948,EEGNetv4,Yang2025,MI
24,0.9831649831649831,0.9343434343434344,0.9646464646464646,0.9579124579124579,EEGNetv4,Yang2025,MI
25,0.94,0.9116666666666666,0.945,0.9066666666666666,EEGNetv4,Yang2025,MI
26,0.9215358931552587,0.8864774624373957,0.9415692821368948,0.8046744574290484,EEGNetv4,Yang2025,MI
27,0.755,0.6383333333333333,0.6866666666666666,0.635,EEGNetv4,Yang2025,MI
28,0.8816666666666667,0.7733333333333333,0.8516666666666667,0.8183333333333334,EEGNetv4,Yang2025,MI
29,0.8683333333333333,0.8233333333333334,0.8633333333333333,0.845,EEGNetv4,Yang2025,MI
3,0.9366666666666666,0.92,0.9583333333333334,0.94,EEGNetv4,Yang2025,MI
30,0.79,0.8466666666666667,0.9383333333333334,0.9233333333333333,EEGNetv4,Yang2025,MI
31,0.83,0.7183333333333334,0.7933333333333333,0.7683333333333333,EEGNetv4,Yang2025,MI
32,0.6243739565943238,0.5742904841402338,0.6143572621035058,0.5559265442404007,EEGNetv4,Yang2025,MI
33,0.9716666666666667,0.925,0.96,0.945,EEGNetv4,Yang2025,MI
34,0.7916666666666666,0.6583333333333333,0.7833333333333333,0.57,EEGNetv4,Yang2025,MI
35,0.9733333333333334,0.9683333333333334,0.975,0.9533333333333334,EEGNetv4,Yang2025,MI
36,0.9416666666666667,0.9266666666666666,0.9483333333333334,0.9233333333333333,EEGNetv4,Yang2025,MI
37,,0.835,0.9016666666666666,0.8883333333333333,EEGNetv4,Yang2025,MI
38,0.6816666666666666,0.6533333333333333,0.7566666666666667,0.605,EEGNetv4,Yang2025,MI
39,0.7816666666666666,0.7466666666666667,0.7616666666666667,0.7366666666666667,EEGNetv4,Yang2025,MI
4,0.535,0.5683333333333334,0.555,0.5766666666666667,EEGNetv4,Yang2025,MI
40,0.8516666666666667,0.8066666666666666,0.8466666666666667,0.835,EEGNetv4,Yang2025,MI
41,0.9133333333333333,0.8616666666666667,0.9033333333333333,0.8716666666666667,EEGNetv4,Yang2025,MI
42,0.8016666666666666,0.7916666666666666,0.81,0.815,EEGNetv4,Yang2025,MI
43,0.9983333333333333,0.975,1.0,0.9816666666666667,EEGNetv4,Yang2025,MI
44,0.7483333333333333,0.725,0.765,0.7283333333333334,EEGNetv4,Yang2025,MI
45,0.9,0.8433333333333334,0.8833333333333333,0.8816666666666667,EEGNetv4,Yang2025,MI
46,0.99,0.9466666666666667,0.9916666666666667,0.965,EEGNetv4,Yang2025,MI
47,0.9333333333333333,0.8866666666666667,0.9233333333333333,0.8983333333333333,EEGNetv4,Yang2025,MI
48,0.8816666666666667,0.8316666666666667,0.8933333333333333,0.8566666666666667,EEGNetv4,Yang2025,MI
49,0.9766666666666667,0.855,0.9383333333333334,0.9366666666666666,EEGNetv4,Yang2025,MI
5,0.8866666666666667,0.825,0.86,0.8516666666666667,EEGNetv4,Yang2025,MI
50,0.9733333333333334,0.95,0.9566666666666667,0.9533333333333334,EEGNetv4,Yang2025,MI
51,0.9083333333333333,0.855,0.9133333333333333,0.85,EEGNetv4,Yang2025,MI
6,0.9716666666666667,0.935,0.9766666666666667,0.92,EEGNetv4,Yang2025,MI
7,0.82,0.78,0.8216666666666667,0.7833333333333333,EEGNetv4,Yang2025,MI
8,0.93,0.9,0.9266666666666666,0.92,EEGNetv4,Yang2025,MI
9,0.7266666666666667,0.6916666666666667,0.7,0.725,EEGNetv4,Yang2025,MI
1,0.8351493139628733,0.7033898305084746,0.892453591606134,0.19309927360774817,ShallowConvNet,BI2015a,P300
10,0.9050179211469535,0.8817204301075269,0.9238351254480287,0.8862007168458781,ShallowConvNet,BI2015a,P300
11,0.8569444444444444,0.7006944444444444,0.8944444444444445,0.8368055555555556,ShallowConvNet,BI2015a,P300
12,0.8593189964157706,0.6877240143369175,0.8629032258064516,0.8333333333333334,ShallowConvNet,BI2015a,P300
13,0.9261695906432749,0.8516081871345029,0.922514619883041,0.8757309941520468,ShallowConvNet,BI2015a,P300
14,0.8611111111111112,0.8347578347578347,0.8853276353276354,0.7863247863247863,ShallowConvNet,BI2015a,P300
15,0.9087301587301587,0.7309523809523809,0.9134920634920635,0.8817460317460317,ShallowConvNet,BI2015a,P300
16,0.9063492063492063,0.8658730158730159,0.9047619047619048,0.8865079365079365,ShallowConvNet,BI2015a,P300
17,0.8709876543209877,0.8277777777777777,0.891358024691358,0.8641975308641975,ShallowConvNet,BI2015a,P300
18,0.8518518518518519,0.8345679012345679,0.8833333333333333,0.841358024691358,ShallowConvNet,BI2015a,P300
19,0.8755555555555555,0.6877777777777778,0.8755555555555555,0.8522222222222222,ShallowConvNet,BI2015a,P300
2,0.9173280423280423,0.7354497354497355,0.921957671957672,0.8895502645502645,ShallowConvNet,BI2015a,P300
20,0.8932098765432098,0.8549382716049383,0.9074074074074074,0.8746913580246913,ShallowConvNet,BI2015a,P300
21,0.9134920634920635,0.7468253968253968,0.9119047619047619,0.9023809523809524,ShallowConvNet,BI2015a,P300
22,0.889520202020202,0.696969696969697,0.8964646464646465,0.851010101010101,ShallowConvNet,BI2015a,P300
23,0.8720760233918129,0.716374269005848,0.8837719298245614,0.8603801169590644,ShallowConvNet,BI2015a,P300
24,0.9135802469135802,0.7152777777777778,0.9174382716049383,0.8765432098765432,ShallowConvNet,BI2015a,P300
25,0.85727969348659,0.8338122605363985,0.8764367816091954,0.8089080459770115,ShallowConvNet,BI2015a,P300
26,0.9265232974910395,0.8700716845878136,0.9283154121863799,0.9139784946236559,ShallowConvNet,BI2015a,P300
27,0.8248945147679325,0.819620253164557,0.8456399437412095,0.820675105485232,ShallowConvNet,BI2015a,P300
28,0.86,0.8294444444444444,0.8627777777777778,0.8661111111111112,ShallowConvNet,BI2015a,P300
29,0.8502178649237473,0.6868191721132898,0.8752723311546841,0.8300653594771242,ShallowConvNet,BI2015a,P300
3,0.9434865900383141,0.7701149425287356,0.946360153256705,0.8132183908045977,ShallowConvNet,BI2015a,P300
30,0.904320987654321,0.7613168724279835,0.9403292181069959,0.8652263374485597,ShallowConvNet,BI2015a,P300
31,0.8392592592592593,0.8240740740740741,0.8418518518518519,0.8296296296296296,ShallowConvNet,BI2015a,P300
32,0.8969534050179212,0.8691756272401434,0.9041218637992832,0.8835125448028673,ShallowConvNet,BI2015a,P300
33,0.8935185185185185,0.7281746031746031,0.9120370370370371,0.8895502645502645,ShallowConvNet,BI2015a,P300
34,0.8857142857142857,0.7293650793650793,0.9,0.8547619047619047,ShallowConvNet,BI2015a,P300
35,0.8305152979066023,0.8192431561996779,0.8289049919484702,0.8421900161030595,ShallowConvNet,BI2015a,P300
36,0.8965277777777778,0.7513888888888889,0.8972222222222223,0.8631944444444445,ShallowConvNet,BI2015a,P300
37,0.8337301587301588,0.8035714285714286,0.8361111111111111,0.776984126984127,ShallowConvNet,BI2015a,P300
38,0.9031531531531531,0.8243243243243243,0.9069069069069069,0.8581081081081081,ShallowConvNet,BI2015a,P300
39,0.8747165532879818,0.7171201814058957,0.8690476190476191,0.8316326530612245,ShallowConvNet,BI2015a,P300
4,0.9145833333333333,0.8840277777777777,0.9340277777777778,0.8902777777777777,ShallowConvNet,BI2015a,P300
40,0.8935185185185185,0.8580246913580247,0.9228395061728395,0.8621399176954733,ShallowConvNet,BI2015a,P300
41,0.8740740740740741,0.8351851851851851,0.8802469135802469,0.8246913580246914,ShallowConvNet,BI2015a,P300
42,0.8352826510721247,0.6583820662768031,0.8503898635477583,0.8328460038986355,ShallowConvNet,BI2015a,P300
43,0.9406130268199234,0.7729885057471264,0.9291187739463601,0.9176245210727969,ShallowConvNet,BI2015a,P300
5,0.9166666666666666,0.867003367003367,0.9343434343434344,0.9074074074074074,ShallowConvNet,BI2015a,P300
6,0.8800505050505051,0.6710858585858586,0.889520202020202,0.8017676767676768,ShallowConvNet,BI2015a,P300
7,0.8913398692810458,0.8570261437908496,0.9191176470588235,0.8341503267973857,ShallowConvNet,BI2015a,P300
8,0.8928571428571429,0.6871693121693122,0.9054232804232805,0.8564814814814815,ShallowConvNet,BI2015a,P300
9,0.8941441441441441,0.8415915915915916,0.8903903903903904,0.8573573573573574,ShallowConvNet,BI2015a,P300
1,0.7170138888888888,0.6684027777777778,0.8350694444444444,0.5815972222222222,ShallowConvNet,BNCI2014_001,MI
2,0.4010416666666667,0.2673611111111111,0.59375,0.3107638888888889,ShallowConvNet,BNCI2014_001,MI
3,0.8177083333333334,0.6614583333333334,0.8524305555555556,0.6423611111111112,ShallowConvNet,BNCI2014_001,MI
4,0.5954861111111112,0.3229166666666667,0.6666666666666666,0.4548611111111111,ShallowConvNet,BNCI2014_001,MI
5,0.4618055555555556,0.3402777777777778,0.6024305555555556,0.2916666666666667,ShallowConvNet,BNCI2014_001,MI
6,0.4791666666666667,0.4184027777777778,0.6041666666666666,0.2378472222222222,ShallowConvNet,BNCI2014_001,MI
7,0.6597222222222222,0.2899305555555556,0.8246527777777778,0.4184027777777778,ShallowConvNet,BNCI2014_001,MI
8,0.6961805555555556,0.5434027777777778,0.7864583333333334,0.5208333333333334,ShallowConvNet,BNCI2014_001,MI
9,0.7899305555555556,0.5989583333333334,0.8194444444444444,0.4878472222222222,ShallowConvNet,BNCI2014_001,MI
1,0.971284046692607,0.9430350194552529,0.9778210116731517,0.9350194552529183,ShallowConvNet,Huebner2017,P300
10,0.980751246882793,0.9542549875311721,0.9857387780548629,0.9662562344139651,ShallowConvNet,Huebner2017,P300
11,0.863569149350144,0.8210755700832749,0.8857498638026305,0.7899447427815394,ShallowConvNet,Huebner2017,P300
12,0.9605508870214753,0.938608776844071,0.9702769996887644,0.8639122315592904,ShallowConvNet,Huebner2017,P300
13,0.9705859466189402,0.8817990817835188,0.9771224029258423,0.8800871527507587,ShallowConvNet,Huebner2017,P300
2,0.9513694366635543,0.9067849361967009,0.9666199813258637,0.901571739807034,ShallowConvNet,Huebner2017,P300
3,0.9494941634241245,0.8864591439688716,0.9571984435797666,0.8833463035019455,ShallowConvNet,Huebner2017,P300
4,0.9831906614785992,0.8561867704280156,0.9814007782101167,0.9066147859922179,ShallowConvNet,Huebner2017,P300
5,,0.8586212262682851,0.9425770308123249,0.8802521008403361,ShallowConvNet,Huebner2017,P300
6,0.9808523058960887,0.9523642732049037,0.9856392294220665,0.9446584938704028,ShallowConvNet,Huebner2017,P300
7,0.992296918767507,0.9303610333022098,0.9932306255835668,0.9328509181450358,ShallowConvNet,Huebner2017,P300
8,0.9049027237354086,0.8023346303501946,0.915875486381323,0.7876264591439689,ShallowConvNet,Huebner2017,P300
9,0.976657329598506,0.9536258948023654,0.98062558356676,0.9519140989729225,ShallowConvNet,Huebner2017,P300
1,0.9742979200224106,0.9503466629315779,0.9794803557672106,0.9613418306604103,ShallowConvNet,Huebner2018,P300
10,0.9369747899159664,0.8873249299719888,0.9407563025210084,0.8644957983193278,ShallowConvNet,Huebner2018,P300
11,0.913982275988184,0.8368968912645942,0.9362779575186383,0.828527219018146,ShallowConvNet,Huebner2018,P300
12,0.9247198879551821,0.8090336134453782,0.9394957983193277,0.7771008403361345,ShallowConvNet,Huebner2018,P300
2,0.982703081232493,0.9415266106442577,0.9842436974789915,0.9570728291316527,ShallowConvNet,Huebner2018,P300
3,0.9800420168067226,0.9460084033613445,0.9852240896358544,0.9367647058823529,ShallowConvNet,Huebner2018,P300
4,0.9556722689075631,0.9047619047619048,0.959593837535014,0.9052521008403361,ShallowConvNet,Huebner2018,P300
5,0.925739106066975,0.7972537480734202,0.9364578954742889,0.8096539162112932,ShallowConvNet,Huebner2018,P300
6,0.9754201680672269,0.8860644257703081,0.9826330532212885,0.8696778711484594,ShallowConvNet,Huebner2018,P300
7,0.9348557018772765,0.8900952647800504,0.9486550854581115,0.8519893527598768,ShallowConvNet,Huebner2018,P300
8,0.9255602240896359,0.8068627450980392,0.9322829131652661,0.7936974789915966,ShallowConvNet,Huebner2018,P300
9,0.943413404300021,0.7894110231808951,0.9585405140415996,0.79067161565936,ShallowConvNet,Huebner2018,P300
1,0.265625,0.296875,0.265625,0.328125,ShallowConvNet,Kalunga2016,SSVEP
10,0.453125,0.359375,0.4765625,0.3359375,ShallowConvNet,Kalunga2016,SSVEP
11,0.34375,0.296875,0.3125,0.328125,ShallowConvNet,Kalunga2016,SSVEP
12,0.55,0.4125,0.63125,0.375,ShallowConvNet,Kalunga2016,SSVEP
2,0.515625,0.359375,0.4375,0.234375,ShallowConvNet,Kalunga2016,SSVEP
3,0.75,0.796875,0.828125,0.765625,ShallowConvNet,Kalunga2016,SSVEP
4,0.609375,0.46875,0.5,0.59375,ShallowConvNet,Kalunga2016,SSVEP
5,0.390625,0.34375,0.296875,0.296875,ShallowConvNet,Kalunga2016,SSVEP
6,0.390625,0.3125,0.3125,0.3125,ShallowConvNet,Kalunga2016,SSVEP
7,0.6041666666666666,0.65625,0.6770833333333334,0.5520833333333334,ShallowConvNet,Kalunga2016,SSVEP
8,0.4375,0.453125,0.453125,0.4375,ShallowConvNet,Kalunga2016,SSVEP
9,0.375,0.4375,0.390625,0.34375,ShallowConvNet,Kalunga2016,SSVEP
1,0.725,0.73,0.73,0.655,ShallowConvNet,Lee2019_MI,MI
10,0.71,0.71,0.695,0.66,ShallowConvNet,Lee2019_MI,MI
11,0.675,0.605,0.68,0.665,ShallowConvNet,Lee2019_MI,MI
12,0.72,0.73,0.685,0.77,ShallowConvNet,Lee2019_MI,MI
13,0.705,0.655,0.67,0.655,ShallowConvNet,Lee2019_MI,MI
14,0.66,0.67,0.7,0.63,ShallowConvNet,Lee2019_MI,MI
15,0.795,0.695,0.79,0.655,ShallowConvNet,Lee2019_MI,MI
16,0.84,0.75,0.82,0.75,ShallowConvNet,Lee2019_MI,MI
17,0.625,0.745,0.74,0.605,ShallowConvNet,Lee2019_MI,MI
18,0.885,0.835,0.845,0.62,ShallowConvNet,Lee2019_MI,MI
19,0.81,0.835,0.85,0.83,ShallowConvNet,Lee2019_MI,MI
2,0.82,0.8,0.795,0.82,ShallowConvNet,Lee2019_MI,MI
20,0.83,0.785,0.785,0.755,ShallowConvNet,Lee2019_MI,MI
21,0.955,0.935,0.95,0.945,ShallowConvNet,Lee2019_MI,MI
22,0.635,0.735,0.715,0.715,ShallowConvNet,Lee2019_MI,MI
23,0.725,0.735,0.815,0.72,ShallowConvNet,Lee2019_MI,MI
24,0.655,0.63,0.73,0.62,ShallowConvNet,Lee2019_MI,MI
25,0.85,0.71,0.75,0.845,ShallowConvNet,Lee2019_MI,MI
26,0.815,0.765,0.8,0.82,ShallowConvNet,Lee2019_MI,MI
27,0.79,0.88,0.855,0.705,ShallowConvNet,Lee2019_MI,MI
28,0.895,0.875,0.915,0.86,ShallowConvNet,Lee2019_MI,MI
29,0.845,0.73,0.875,0.74,ShallowConvNet,Lee2019_MI,MI
3,0.83,0.84,0.93,0.795,ShallowConvNet,Lee2019_MI,MI
30,0.705,0.75,0.69,0.72,ShallowConvNet,Lee2019_MI,MI
31,0.795,0.765,0.78,0.68,ShallowConvNet,Lee2019_MI,MI
32,0.86,0.87,0.93,0.87,ShallowConvNet,Lee2019_MI,MI
33,0.93,0.88,0.92,0.885,ShallowConvNet,Lee2019_MI,MI
34,0.6,0.62,0.655,0.585,ShallowConvNet,Lee2019_MI,MI
35,0.935,0.835,0.91,0.7,ShallowConvNet,Lee2019_MI,MI
36,0.955,0.965,0.975,0.9,ShallowConvNet,Lee2019_MI,MI
37,0.93,0.88,0.91,0.91,ShallowConvNet,Lee2019_MI,MI
38,0.66,0.72,0.755,0.53,ShallowConvNet,Lee2019_MI,MI
39,0.795,0.75,0.745,0.78,ShallowConvNet,Lee2019_MI,MI
4,0.705,0.725,0.77,0.555,ShallowConvNet,Lee2019_MI,MI
40,0.775,0.82,0.785,0.745,ShallowConvNet,Lee2019_MI,MI
41,0.72,0.73,0.74,0.655,ShallowConvNet,Lee2019_MI,MI
42,0.67,0.645,0.635,0.73,ShallowConvNet,Lee2019_MI,MI
43,0.87,0.83,0.835,0.84,ShallowConvNet,Lee2019_MI,MI
44,0.785,0.745,0.79,0.74,ShallowConvNet,Lee2019_MI,MI
45,0.815,0.865,0.885,0.73,ShallowConvNet,Lee2019_MI,MI
46,0.68,0.705,0.725,0.645,ShallowConvNet,Lee2019_MI,MI
47,0.84,0.77,0.78,0.78,ShallowConvNet,Lee2019_MI,MI
48,0.68,0.665,0.655,0.635,ShallowConvNet,Lee2019_MI,MI
49,0.855,0.775,0.79,0.57,ShallowConvNet,Lee2019_MI,MI
5,0.81,0.87,0.885,0.72,ShallowConvNet,Lee2019_MI,MI
50,0.585,0.615,0.615,0.51,ShallowConvNet,Lee2019_MI,MI
51,0.6,0.715,0.71,0.57,ShallowConvNet,Lee2019_MI,MI
52,0.78,0.76,0.815,0.81,ShallowConvNet,Lee2019_MI,MI
53,0.725,0.775,0.8,0.77,ShallowConvNet,Lee2019_MI,MI
54,0.76,0.715,0.715,0.66,ShallowConvNet,Lee2019_MI,MI
6,0.875,0.825,0.855,0.83,ShallowConvNet,Lee2019_MI,MI
7,0.66,0.695,0.74,0.645,ShallowConvNet,Lee2019_MI,MI
8,0.75,0.665,0.67,0.735,ShallowConvNet,Lee2019_MI,MI
9,0.745,0.765,0.75,0.695,ShallowConvNet,Lee2019_MI,MI
1,0.94,0.92,0.9,0.92,ShallowConvNet,Lee2019_SSVEP,SSVEP
10,0.98,0.845,0.915,0.935,ShallowConvNet,Lee2019_SSVEP,SSVEP
11,1.0,0.905,0.93,1.0,ShallowConvNet,Lee2019_SSVEP,SSVEP
12,0.965,0.94,0.95,0.955,ShallowConvNet,Lee2019_SSVEP,SSVEP
13,0.93,0.945,0.965,0.815,ShallowConvNet,Lee2019_SSVEP,SSVEP
14,0.915,0.915,0.95,0.865,ShallowConvNet,Lee2019_SSVEP,SSVEP
15,0.95,0.995,1.0,0.84,ShallowConvNet,Lee2019_SSVEP,SSVEP
16,0.98,0.955,0.985,0.96,ShallowConvNet,Lee2019_SSVEP,SSVEP
17,0.94,0.885,0.91,0.81,ShallowConvNet,Lee2019_SSVEP,SSVEP
18,0.975,0.98,0.975,0.96,ShallowConvNet,Lee2019_SSVEP,SSVEP
19,0.9,0.765,0.855,0.77,ShallowConvNet,Lee2019_SSVEP,SSVEP
2,0.99,0.955,0.985,0.965,ShallowConvNet,Lee2019_SSVEP,SSVEP
20,0.92,0.94,0.94,0.89,ShallowConvNet,Lee2019_SSVEP,SSVEP
21,0.975,0.835,0.945,0.955,ShallowConvNet,Lee2019_SSVEP,SSVEP
22,0.865,0.825,0.925,0.84,ShallowConvNet,Lee2019_SSVEP,SSVEP
23,0.51,0.295,0.44,0.355,ShallowConvNet,Lee2019_SSVEP,SSVEP
24,0.935,0.855,0.925,0.785,ShallowConvNet,Lee2019_SSVEP,SSVEP
25,0.895,0.88,0.94,0.855,ShallowConvNet,Lee2019_SSVEP,SSVEP
26,0.98,0.97,0.98,0.95,ShallowConvNet,Lee2019_SSVEP,SSVEP
27,0.98,0.975,0.975,0.96,ShallowConvNet,Lee2019_SSVEP,SSVEP
28,0.975,0.96,0.965,0.95,ShallowConvNet,Lee2019_SSVEP,SSVEP
29,0.925,0.85,0.905,0.875,ShallowConvNet,Lee2019_SSVEP,SSVEP
3,0.92,0.915,0.915,0.915,ShallowConvNet,Lee2019_SSVEP,SSVEP
30,0.995,0.995,0.995,0.985,ShallowConvNet,Lee2019_SSVEP,SSVEP
31,0.995,0.915,0.975,0.97,ShallowConvNet,Lee2019_SSVEP,SSVEP
32,0.765,0.4,0.73,0.395,ShallowConvNet,Lee2019_SSVEP,SSVEP
33,0.97,0.98,0.99,0.965,ShallowConvNet,Lee2019_SSVEP,SSVEP
34,0.725,0.72,0.835,0.695,ShallowConvNet,Lee2019_SSVEP,SSVEP
35,0.915,0.95,0.955,0.815,ShallowConvNet,Lee2019_SSVEP,SSVEP
36,1.0,0.995,1.0,0.99,ShallowConvNet,Lee2019_SSVEP,SSVEP
37,0.975,0.97,0.99,0.955,ShallowConvNet,Lee2019_SSVEP,SSVEP
38,0.94,0.94,0.97,0.915,ShallowConvNet,Lee2019_SSVEP,SSVEP
39,0.985,0.995,0.98,0.975,ShallowConvNet,Lee2019_SSVEP,SSVEP
4,0.99,0.98,0.98,0.975,ShallowConvNet,Lee2019_SSVEP,SSVEP
40,0.885,0.85,0.885,0.855,ShallowConvNet,Lee2019_SSVEP,SSVEP
41,0.985,0.97,0.99,0.985,ShallowConvNet,Lee2019_SSVEP,SSVEP
42,0.785,0.8,0.795,0.815,ShallowConvNet,Lee2019_SSVEP,SSVEP
43,0.995,0.97,0.995,0.99,ShallowConvNet,Lee2019_SSVEP,SSVEP
44,0.995,0.97,0.995,0.99,ShallowConvNet,Lee2019_SSVEP,SSVEP
45,0.915,0.94,0.94,0.89,ShallowConvNet,Lee2019_SSVEP,SSVEP
46,0.955,0.955,0.965,0.945,ShallowConvNet,Lee2019_SSVEP,SSVEP
47,0.63,0.65,0.655,0.59,ShallowConvNet,Lee2019_SSVEP,SSVEP
48,0.995,0.995,0.995,0.995,ShallowConvNet,Lee2019_SSVEP,SSVEP
49,0.965,0.99,0.995,0.945,ShallowConvNet,Lee2019_SSVEP,SSVEP
5,0.735,0.765,0.775,0.735,ShallowConvNet,Lee2019_SSVEP,SSVEP
50,0.93,0.87,0.905,0.865,ShallowConvNet,Lee2019_SSVEP,SSVEP
51,0.775,0.79,0.835,0.68,ShallowConvNet,Lee2019_SSVEP,SSVEP
52,0.97,0.88,0.975,0.885,ShallowConvNet,Lee2019_SSVEP,SSVEP
53,0.98,0.985,0.995,0.94,ShallowConvNet,Lee2019_SSVEP,SSVEP
54,0.785,0.535,0.8,0.57,ShallowConvNet,Lee2019_SSVEP,SSVEP
6,0.995,0.955,0.985,0.965,ShallowConvNet,Lee2019_SSVEP,SSVEP
7,0.99,0.965,0.985,0.99,ShallowConvNet,Lee2019_SSVEP,SSVEP
8,0.945,0.95,0.935,0.86,ShallowConvNet,Lee2019_SSVEP,SSVEP
9,0.92,0.89,0.925,0.785,ShallowConvNet,Lee2019_SSVEP,SSVEP
1,0.192,0.192,0.184,0.144,ShallowConvNet,MAMEM2,SSVEP
10,0.264,0.144,0.224,0.272,ShallowConvNet,MAMEM2,SSVEP
2,0.184,0.224,0.152,0.208,ShallowConvNet,MAMEM2,SSVEP
3,0.216,0.184,0.192,0.192,ShallowConvNet,MAMEM2,SSVEP
4,0.216,0.192,0.232,0.176,ShallowConvNet,MAMEM2,SSVEP
5,0.224,0.184,0.192,0.224,ShallowConvNet,MAMEM2,SSVEP
6,0.208,0.232,0.192,0.176,ShallowConvNet,MAMEM2,SSVEP
7,0.216,0.184,0.192,0.176,ShallowConvNet,MAMEM2,SSVEP
8,,0.208,0.208,0.16,ShallowConvNet,MAMEM2,SSVEP
9,0.176,0.264,0.232,0.136,ShallowConvNet,MAMEM2,SSVEP
1,0.9366666666666666,0.8783333333333333,0.9166666666666666,0.9333333333333333,ShallowConvNet,Yang2025,MI
10,0.8583333333333333,0.7966666666666666,0.8416666666666667,0.8316666666666667,ShallowConvNet,Yang2025,MI
11,0.935,0.88,0.885,0.9066666666666666,ShallowConvNet,Yang2025,MI
12,0.58,0.6166666666666667,0.56,0.625,ShallowConvNet,Yang2025,MI
13,0.7983333333333333,0.7183333333333334,0.7566666666666667,0.7783333333333333,ShallowConvNet,Yang2025,MI
14,0.5533333333333333,0.5516666666666666,0.5466666666666666,0.5666666666666667,ShallowConvNet,Yang2025,MI
15,0.8066666666666666,0.6966666666666667,0.7866666666666666,0.7966666666666666,ShallowConvNet,Yang2025,MI
16,0.6633333333333333,0.5716666666666667,0.59,0.6366666666666667,ShallowConvNet,Yang2025,MI
17,0.8116666666666666,0.7783333333333333,0.8016666666666666,0.8166666666666667,ShallowConvNet,Yang2025,MI
18,0.73,0.6516666666666666,0.645,0.6933333333333334,ShallowConvNet,Yang2025,MI
19,0.8816666666666667,0.8116666666666666,0.855,0.855,ShallowConvNet,Yang2025,MI
2,0.7133333333333334,0.635,0.66,0.7083333333333334,ShallowConvNet,Yang2025,MI
20,0.8983333333333333,0.775,0.8383333333333334,0.805,ShallowConvNet,Yang2025,MI
21,0.885,0.8566666666666667,0.8933333333333333,0.8816666666666667,ShallowConvNet,Yang2025,MI
22,0.83,0.7733333333333333,0.815,0.795,ShallowConvNet,Yang2025,MI
23,0.9565943238731218,0.9382303839732888,0.9549248747913188,0.9499165275459098,ShallowConvNet,Yang2025,MI
24,0.9612794612794613,0.8922558922558923,0.9410774410774411,0.9461279461279462,ShallowConvNet,Yang2025,MI
25,0.9483333333333334,0.8683333333333333,0.9083333333333333,0.92,ShallowConvNet,Yang2025,MI
26,0.9131886477462438,0.8597662771285476,0.9215358931552587,0.8330550918196995,ShallowConvNet,Yang2025,MI
27,0.7016666666666667,0.645,0.6666666666666666,0.6166666666666667,ShallowConvNet,Yang2025,MI
28,0.8983333333333333,,0.8283333333333334,0.7816666666666666,ShallowConvNet,Yang2025,MI
29,0.9133333333333333,0.75,0.8566666666666667,0.8016666666666666,ShallowConvNet,Yang2025,MI
3,0.9566666666666667,0.91,0.9366666666666666,0.95,ShallowConvNet,Yang2025,MI
30,0.9566666666666667,0.7866666666666666,0.8966666666666666,0.9116666666666666,ShallowConvNet,Yang2025,MI
31,0.7933333333333333,0.7133333333333334,0.7633333333333333,0.7383333333333333,ShallowConvNet,Yang2025,MI
32,0.7078464106844741,0.6026711185308848,0.6110183639398998,0.5893155258764607,ShallowConvNet,Yang2025,MI
33,0.9766666666666667,0.8766666666666667,0.94,0.9483333333333334,ShallowConvNet,Yang2025,MI
34,0.82,0.6283333333333333,0.74,0.615,ShallowConvNet,Yang2025,MI
35,,0.93,0.965,0.9333333333333333,ShallowConvNet,Yang2025,MI
36,0.9383333333333334,0.8783333333333333,0.9366666666666666,0.9183333333333333,ShallowConvNet,Yang2025,MI
37,0.9133333333333333,0.8216666666666667,0.8716666666666667,0.88,ShallowConvNet,Yang2025,MI
38,0.6616666666666666,0.63,0.6833333333333333,0.6133333333333333,ShallowConvNet,Yang2025,MI
39,0.8,0.7433333333333333,0.76,0.7333333333333333,ShallowConvNet,Yang2025,MI
4,0.5883333333333334,0.5716666666666667,0.5833333333333334,0.5966666666666667,ShallowConvNet,Yang2025,MI
40,0.8333333333333334,0.7933333333333333,0.8183333333333334,0.815,ShallowConvNet,Yang2025,MI
41,0.9083333333333333,0.8683333333333333,0.895,,ShallowConvNet,Yang2025,MI
42,0.8066666666666666,0.7816666666666666,0.7966666666666666,0.8416666666666667,ShallowConvNet,Yang2025,MI
43,0.995,0.9683333333333334,0.9933333333333333,0.9916666666666667,ShallowConvNet,Yang2025,MI
44,0.7583333333333333,0.695,0.7,0.76,ShallowConvNet,Yang2025,MI
45,0.88,0.8516666666666667,0.8816666666666667,0.8766666666666667,ShallowConvNet,Yang2025,MI
46,0.9916666666666667,0.9566666666666667,0.9733333333333334,0.96,ShallowConvNet,Yang2025,MI
47,0.9083333333333333,0.87,0.8933333333333333,0.9016666666666666,ShallowConvNet,Yang2025,MI
48,0.9033333333333333,0.8233333333333334,0.8766666666666667,0.8766666666666667,ShallowConvNet,Yang2025,MI
49,0.9566666666666667,0.81,0.8833333333333333,0.9533333333333334,ShallowConvNet,Yang2025,MI
5,0.8983333333333333,0.8683333333333333,0.8816666666666667,0.88,ShallowConvNet,Yang2025,MI
50,0.9566666666666667,0.925,0.9416666666666667,0.9516666666666667,ShallowConvNet,Yang2025,MI
51,0.8833333333333333,0.8283333333333334,0.8866666666666667,0.85,ShallowConvNet,Yang2025,MI
6,0.97,0.8683333333333333,0.9316666666666666,0.925,ShallowConvNet,Yang2025,MI
7,0.8133333333333334,0.755,0.785,0.805,ShallowConvNet,Yang2025,MI
8,0.9366666666666666,0.8583333333333333,0.9,0.9133333333333333,ShallowConvNet,Yang2025,MI
9,0.7333333333333333,0.68,0.6816666666666666,0.7283333333333334,ShallowConvNet,Yang2025,MI
