dataset,model,num_trials,mean_accuracy,sem_accuracy
BI2015a,ATCNet,50,0.8628820473821874,0.004503543362660785
BI2015a,ATCNet,250,0.8892699035125072,0.004825786051179758
BI2015a,ATCNet,500,0.897573452935888,0.0052549590206629835
BI2015a,ATCNet,750,0.9024982461657566,0.004799751547634162
BI2015a,ATCNet,1044,0.9051014377183375,0.0033549810322264736
BI2015a,DeepConvNet,50,0.874218967406064,0.004668292327316933
BI2015a,DeepConvNet,250,0.9038659144342002,0.004744464268027273
BI2015a,DeepConvNet,500,0.9103320878932307,0.004689291331156451
BI2015a,DeepConvNet,750,0.9116004785012185,0.004681211919160847
BI2015a,DeepConvNet,1044,0.9140798979769033,0.0034273144495975366
BI2015a,EEGNetv4,50,0.883684830632983,0.004413519618935514
BI2015a,EEGNetv4,250,0.8919592393658732,0.004772830764570989
BI2015a,EEGNetv4,500,0.8967592009277692,0.0048162433947033885
BI2015a,EEGNetv4,750,0.8990022738476463,0.004807142349702669
BI2015a,EEGNetv4,1044,0.9016526503070853,0.0033641569642586426
BI2015a,ShallowConvNet,50,0.8358963557815808,0.00380005615015551
BI2015a,ShallowConvNet,250,0.8614629194438006,0.004229102975052186
BI2015a,ShallowConvNet,500,0.868879561346922,0.004437860923594142
BI2015a,ShallowConvNet,750,0.878236612958073,0.006434778622019484
BI2015a,ShallowConvNet,1044,0.8818624392485148,0.0032495721167550983
BNCI2014_001,ATCNet,50,0.5482253086419753,0.037936861353317065
BNCI2014_001,ATCNet,150,0.6190200617283951,0.035821374909018586
BNCI2014_001,ATCNet,300,0.6604938271604939,0.04136933270011141
BNCI2014_001,ATCNet,450,0.6930941358024691,0.03684186333564641
BNCI2014_001,DeepConvNet,50,0.3047839506172839,0.015566245175052089
BNCI2014_001,DeepConvNet,150,0.35821759259259256,0.028131191210038507
BNCI2014_001,DeepConvNet,300,0.451195987654321,0.03725391826707373
BNCI2014_001,DeepConvNet,450,0.49440586419753085,0.03729696857913517
BNCI2014_001,EEGNetv4,50,0.4905478395061728,0.029047973336668472
BNCI2014_001,EEGNetv4,150,0.5947145061728396,0.03780015238366684
BNCI2014_001,EEGNetv4,300,0.6332947530864197,0.03562881102652525
BNCI2014_001,EEGNetv4,450,0.6473765432098766,0.034557194203730976
BNCI2014_001,ShallowConvNet,50,0.54320987654321,0.04607372392237155
BNCI2014_001,ShallowConvNet,150,0.560570987654321,0.046684788942738795
BNCI2014_001,ShallowConvNet,300,0.5943287037037037,0.04949185591024376
BNCI2014_001,ShallowConvNet,450,0.61304012345679,0.048321277966356976
Huebner2017,ATCNet,2000,0.9591075713223246,0.00923302596761747
Huebner2017,ATCNet,4500,0.9610649063393912,0.009299519259319905
Huebner2017,ATCNet,7000,0.9620918150617082,0.008950862878459965
Huebner2017,ATCNet,9500,0.9625078225573364,0.00883490257908184
Huebner2017,DeepConvNet,2000,0.9571647473732239,0.009244185052160651
Huebner2017,DeepConvNet,4500,0.9595893360607446,0.009087028992231815
Huebner2017,DeepConvNet,7000,0.9613882205942943,0.008874638828367169
Huebner2017,DeepConvNet,9500,0.9594338480284573,0.009320541724086362
Huebner2017,EEGNetv4,2000,0.9543693353099537,0.010112985371303349
Huebner2017,EEGNetv4,4500,0.9569764137305032,0.010019143833669237
Huebner2017,EEGNetv4,7000,0.9589218777930903,0.009440907630930542
Huebner2017,EEGNetv4,9500,0.9592751589888456,0.009491145788631385
Huebner2017,ShallowConvNet,2000,0.9464312296386457,0.011235279202047787
Huebner2017,ShallowConvNet,4500,0.9509630054056163,0.01081748273975824
Huebner2017,ShallowConvNet,7000,0.9523878351495918,0.01054025983525948
Huebner2017,ShallowConvNet,9500,0.9532198438765468,0.010528072052487956
Huebner2018,ATCNet,3000,0.9551044939828697,0.006921068212639802
Huebner2018,ATCNet,6000,0.9554013833118228,0.006537755414135899
Huebner2018,ATCNet,9000,0.956499157514361,0.00631918657904471
Huebner2018,ATCNet,12000,0.9566508327572524,0.0062231120176268135
Huebner2018,DeepConvNet,3000,0.9529265124748242,0.006565662921187188
Huebner2018,DeepConvNet,6000,0.9549402752413289,0.006336041802264691
Huebner2018,DeepConvNet,9000,0.955770430291163,0.006235358869408693
Huebner2018,DeepConvNet,12000,0.955524591215926,0.006310309455975619
Huebner2018,EEGNetv4,3000,0.9483001703784019,0.007057480265730456
Huebner2018,EEGNetv4,6000,0.9500811189101964,0.006990835569169769
Huebner2018,EEGNetv4,9000,0.9518389522710594,0.0066645863906275695
Huebner2018,EEGNetv4,12000,0.953368453539996,0.006545594731732313
Huebner2018,ShallowConvNet,3000,0.9401483139521748,0.007765745830400492
Huebner2018,ShallowConvNet,6000,0.9436406895064114,0.007460539965428855
Huebner2018,ShallowConvNet,9000,0.95080775878952,0.011539537812479145
Huebner2018,ShallowConvNet,12000,0.9460764218860963,0.0072128050234310775
Kalunga2016,ATCNet,30,0.3330295138888889,0.02713855171966348
Kalunga2016,ATCNet,40,0.40737847222222223,0.031230912292745074
Kalunga2016,ATCNet,50,0.4667534722222222,0.034963835429485786
Kalunga2016,ATCNet,64,0.5227647569444445,0.03132070866395679
Kalunga2016,DeepConvNet,30,0.2874565972222222,0.011293664810933824
Kalunga2016,DeepConvNet,40,0.2874131944444444,0.014605557973407807
Kalunga2016,DeepConvNet,50,0.28932291666666665,0.009848058019961104
Kalunga2016,DeepConvNet,64,0.29312065972222223,0.010969577270597981
Kalunga2016,EEGNetv4,30,0.2750434027777778,0.02756083845333109
Kalunga2016,EEGNetv4,40,0.2967013888888889,0.02498876316981885
Kalunga2016,EEGNetv4,50,0.32955729166666664,0.02892349399489882
Kalunga2016,EEGNetv4,64,0.36623641304347826,0.03165546973945144
Kalunga2016,ShallowConvNet,30,0.4212239583333333,0.04367276153985328
Kalunga2016,ShallowConvNet,40,0.44036458333333334,0.035745448488914096
Kalunga2016,ShallowConvNet,50,0.45086805555555554,0.03941806468458128
Kalunga2016,ShallowConvNet,64,0.4645616319444445,0.027426252189092334
Lee2019_MI,ATCNet,50,0.6952777777777778,0.015289779924427722
Lee2019_MI,ATCNet,100,0.7382407407407408,0.016229140461817736
Lee2019_MI,ATCNet,150,0.7599074074074075,0.015416696833071926
Lee2019_MI,ATCNet,200,0.7957407407407407,0.0177283709232245
Lee2019_MI,DeepConvNet,50,0.6621296296296296,0.012252869322576078
Lee2019_MI,DeepConvNet,100,0.7713888888888889,0.012961546543361019
Lee2019_MI,DeepConvNet,150,0.7987037037037038,0.013331489118517167
Lee2019_MI,DeepConvNet,200,0.8267592592592593,0.012507270706861692
Lee2019_MI,EEGNetv4,50,0.6849074074074074,0.012003588693485582
Lee2019_MI,EEGNetv4,100,0.7372641509433963,0.01273014977569425
Lee2019_MI,EEGNetv4,150,0.7759259259259259,0.012978826272544618
Lee2019_MI,EEGNetv4,200,0.7857407407407407,0.012567363842584944
Lee2019_MI,ShallowConvNet,50,0.6672641509433963,0.013644994907499479
Lee2019_MI,ShallowConvNet,100,0.7195283018867924,0.013882714288065319
Lee2019_MI,ShallowConvNet,150,0.7495370370370371,0.013074177262268904
Lee2019_MI,ShallowConvNet,200,0.7696296296296297,0.012826349110866815
Lee2019_SSVEP,ATCNet,50,0.9366666666666666,0.012975410814849599
Lee2019_SSVEP,ATCNet,100,0.9462962962962963,0.011587169391188283
Lee2019_SSVEP,ATCNet,150,0.9512037037037038,0.011878089678741828
Lee2019_SSVEP,ATCNet,200,0.9529166666666667,0.008526607359109536
Lee2019_SSVEP,DeepConvNet,50,0.9465740740740741,0.013891503364451403
Lee2019_SSVEP,DeepConvNet,100,0.9556481481481481,0.012756143130520379
Lee2019_SSVEP,DeepConvNet,150,0.9602777777777777,0.012331616874911102
Lee2019_SSVEP,DeepConvNet,200,0.9610280373831775,0.008510508383389072
Lee2019_SSVEP,EEGNetv4,50,0.9527777777777777,0.01080985737827059
Lee2019_SSVEP,EEGNetv4,100,0.9512499999999999,0.011922065774766477
Lee2019_SSVEP,EEGNetv4,150,0.9507547169811321,0.011971328400485145
Lee2019_SSVEP,EEGNetv4,200,0.9530555555555557,0.006883862733782986
Lee2019_SSVEP,ShallowConvNet,50,0.8203703703703703,0.017918818724953975
Lee2019_SSVEP,ShallowConvNet,100,0.8946226415094339,0.014494286608108985
Lee2019_SSVEP,ShallowConvNet,150,0.9205555555555556,0.01386307874347705
Lee2019_SSVEP,ShallowConvNet,200,0.9227314814814815,0.009473045750506408
MAMEM2,ATCNet,40,0.20800000000000002,0.006531972647421804
MAMEM2,ATCNet,60,0.21680000000000002,0.009574038971208662
MAMEM2,ATCNet,80,0.22080000000000002,0.009703149545952132
MAMEM2,DeepConvNet,40,0.2088,0.00767796269274025
MAMEM2,DeepConvNet,60,0.1984,0.006287907265360852
MAMEM2,DeepConvNet,80,0.1968,0.005744175794276804
MAMEM2,EEGNetv4,40,0.21200000000000002,0.00495311349893512
MAMEM2,EEGNetv4,60,0.19519999999999998,0.008449589076135928
MAMEM2,EEGNetv4,80,0.21680000000000002,0.012129669776580433
MAMEM2,ShallowConvNet,40,0.19519999999999998,0.005225578117937447
MAMEM2,ShallowConvNet,60,0.21280000000000002,0.014120749114531978
MAMEM2,ShallowConvNet,80,0.1984,0.014150932438849706
Yang2025,ATCNet,50,0.6975603867849113,0.01460145360352182
Yang2025,ATCNet,150,0.7473505555406763,0.015302279089770322
Yang2025,ATCNet,300,0.7673521542307754,0.015672012598528066
Yang2025,ATCNet,450,0.7827484166575462,0.016633504947391457
Yang2025,ATCNet,600,0.7912298914922098,0.011306708057282846
Yang2025,DeepConvNet,50,0.8238965919189494,0.017374417951220713
Yang2025,DeepConvNet,150,0.8417765186646656,0.017506752658554902
Yang2025,DeepConvNet,300,0.8609620333971376,0.01697644763299532
Yang2025,DeepConvNet,450,0.8740362202226748,0.016159090599360933
Yang2025,DeepConvNet,600,0.8778611750091176,0.011391490807221296
Yang2025,EEGNetv4,50,0.8161156850951934,0.017380459499193666
Yang2025,EEGNetv4,150,0.8236689780385941,0.01757152649975296
Yang2025,EEGNetv4,300,0.8350724430905452,0.016424066843136534
Yang2025,EEGNetv4,450,0.8410665419942788,0.017272754355143582
Yang2025,EEGNetv4,600,0.8497043911458112,0.009613882526682584
Yang2025,ShallowConvNet,50,0.7814300969034348,0.017265403353637715
Yang2025,ShallowConvNet,150,0.8076661034383906,0.017390935691467317
Yang2025,ShallowConvNet,300,0.8281752558923662,0.016824440139788704
Yang2025,ShallowConvNet,450,0.841578329808059,0.01604897891981663
Yang2025,ShallowConvNet,600,0.8480658408077869,0.01128916338074998
