dataset,model,budget,num_pretrain_subjects,num_trials,mean_accuracy,sem_accuracy
BI2015a,ATCNet,High,15,1000,0.9001843595891624,0.004850199166609111
BI2015a,ATCNet,High,20,750,0.9091983163516139,0.00463600701425031
BI2015a,ATCNet,High,30,500,0.900999792969951,0.004953793504221008
BI2015a,ATCNet,Low,10,500,0.8839835608919872,0.004561995695640407
BI2015a,ATCNet,Low,20,250,0.8880208616874116,0.004703143152648714
BI2015a,ATCNet,Low,25,200,0.8891794125114699,0.004831518894453727
BI2015a,DeepConvNet,High,15,1000,0.910372320782064,0.0049882131022087025
BI2015a,DeepConvNet,High,20,750,0.9107108336526981,0.005120093016373037
BI2015a,DeepConvNet,High,30,500,0.9103103112557203,0.004872517114085416
BI2015a,DeepConvNet,Low,10,500,0.9012884740765519,0.0049522149653527785
BI2015a,DeepConvNet,Low,20,250,0.9036455930655766,0.004885646946386419
BI2015a,DeepConvNet,Low,25,200,0.9021635357395777,0.005037089122098488
BI2015a,EEGNetv4,High,15,1000,0.8983385361646821,0.004801264467556139
BI2015a,EEGNetv4,High,20,750,0.8970278829087502,0.004596250889439849
BI2015a,EEGNetv4,High,30,500,0.8982117433106187,0.004806409677283988
BI2015a,EEGNetv4,Low,10,500,0.8898456096890214,0.004554848504330755
BI2015a,EEGNetv4,Low,20,250,0.8905562190477545,0.004942984333670225
BI2015a,EEGNetv4,Low,25,200,0.8925768020893453,0.004671267826865455
BI2015a,ShallowConvNet,High,15,1000,0.8763414251310259,0.004672208443559356
BI2015a,ShallowConvNet,High,20,750,0.8748853482016129,0.004680079449051923
BI2015a,ShallowConvNet,High,30,500,0.8759116414575915,0.004431788882623959
BI2015a,ShallowConvNet,Low,10,500,0.8615823827482114,0.0041644665391563085
BI2015a,ShallowConvNet,Low,20,250,0.8592242039618536,0.004026466908825981
BI2015a,ShallowConvNet,Low,25,200,0.8591815802524176,0.004257211955243907
BNCI2014_001,ATCNet,Unknown,3,500,0.6639660493827161,0.040668205770081026
BNCI2014_001,ATCNet,Unknown,5,300,0.6751543209876543,0.03896210998758035
BNCI2014_001,ATCNet,Unknown,6,500,0.7337962962962963,0.033469892918799204
BNCI2014_001,ATCNet,Unknown,8,375,0.6981095679012346,0.03852124635915756
BNCI2014_001,DeepConvNet,Unknown,3,500,0.4888117283950617,0.03467651205055799
BNCI2014_001,DeepConvNet,Unknown,5,300,0.5223765432098766,0.035607263670549893
BNCI2014_001,DeepConvNet,Unknown,6,500,0.6180555555555556,0.032852586722307085
BNCI2014_001,DeepConvNet,Unknown,8,375,0.4897762345679012,0.029568367878705114
BNCI2014_001,EEGNetv4,Unknown,3,500,0.6429398148148148,0.03607627006598856
BNCI2014_001,EEGNetv4,Unknown,5,300,0.6689453125,0.024469170058541607
BNCI2014_001,EEGNetv4,Unknown,6,500,0.6979166666666666,0.03791503085717522
BNCI2014_001,EEGNetv4,Unknown,8,375,0.6886574074074074,0.03655465670683741
BNCI2014_001,ShallowConvNet,Unknown,3,500,0.6118055555555555,0.07549907892292382
BNCI2014_001,ShallowConvNet,Unknown,5,300,0.6018518518518519,0.05372836154667981
BNCI2014_001,ShallowConvNet,Unknown,6,500,0.6569940476190476,0.058595641801295555
BNCI2014_001,ShallowConvNet,Unknown,8,375,0.6342592592592592,0.050508269989802915
Huebner2017,ATCNet,Unknown,3,12500,0.9602928385520682,0.00909471274747861
Huebner2017,ATCNet,Unknown,6,6250,0.9610440942329744,0.009207823309069503
Huebner2017,ATCNet,Unknown,6,12500,0.9630046618954109,0.008794203967034812
Huebner2017,ATCNet,Unknown,10,3750,0.9613675182541818,0.009166698767477412
Huebner2017,ATCNet,Unknown,10,7500,0.9630586445173912,0.00901170264890476
Huebner2017,ATCNet,Unknown,12,6250,0.962510817637923,0.00886417667485287
Huebner2017,DeepConvNet,Unknown,3,12500,0.9598109572437701,0.009027852059434066
Huebner2017,DeepConvNet,Unknown,6,6250,0.9603723088032031,0.009877681270772517
Huebner2017,DeepConvNet,Unknown,6,12500,0.9608646642413194,0.008932445805604063
Huebner2017,DeepConvNet,Unknown,10,3750,0.959538484201518,0.009073881285112237
Huebner2017,DeepConvNet,Unknown,10,7500,0.9611459415443668,0.008918432838360682
Huebner2017,DeepConvNet,Unknown,12,6250,0.9613883618785688,0.008753056723450378
Huebner2017,EEGNetv4,Unknown,3,12500,0.9570378678607849,0.006828339672531812
Huebner2017,EEGNetv4,Unknown,6,6250,0.9598250233642984,0.006771706660456453
Huebner2017,EEGNetv4,Unknown,6,12500,0.9588982630640055,0.009458710286322402
Huebner2017,EEGNetv4,Unknown,10,3750,0.9574764571406116,0.006762505295814391
Huebner2017,EEGNetv4,Unknown,10,7500,0.9587933022525751,0.009610608696779224
Huebner2017,EEGNetv4,Unknown,12,6250,0.9588142594616044,0.009517060516472825
Huebner2017,ShallowConvNet,Unknown,3,12500,0.9496072491209465,0.010728108352687407
Huebner2017,ShallowConvNet,Unknown,6,6250,0.9503762235742198,0.01097229711693733
Huebner2017,ShallowConvNet,Unknown,6,12500,0.953273771478441,0.010386745905760933
Huebner2017,ShallowConvNet,Unknown,10,3750,0.9513401041715729,0.010762916175485667
Huebner2017,ShallowConvNet,Unknown,10,7500,0.9543931809829853,0.01042559210989697
Huebner2017,ShallowConvNet,Unknown,12,6250,0.9533336698246194,0.010459738292226288
Huebner2018,ATCNet,Unknown,3,14000,0.9539307334565676,0.006787610062846671
Huebner2018,ATCNet,Unknown,6,7000,0.9550449415650473,0.006544428315672676
Huebner2018,ATCNet,Unknown,6,14000,0.9566523004135522,0.00629571305976793
Huebner2018,ATCNet,Unknown,8,10500,0.9575965556216977,0.00628539281871588
Huebner2018,ATCNet,Unknown,10,4200,0.9558796862005486,0.006389816849296089
Huebner2018,ATCNet,Unknown,12,7000,0.9569836018362414,0.00629374707915946
Huebner2018,DeepConvNet,Unknown,3,14000,0.9540946828956773,0.006687238599651017
Huebner2018,DeepConvNet,Unknown,6,7000,0.9544437861485924,0.00661923643116294
Huebner2018,DeepConvNet,Unknown,6,14000,0.9555022297521343,0.00636476437173799
Huebner2018,DeepConvNet,Unknown,8,10500,0.9561315176129398,0.006311428459908948
Huebner2018,DeepConvNet,Unknown,10,4200,0.95456640129336,0.006422649541023929
Huebner2018,DeepConvNet,Unknown,12,7000,0.9557750926148922,0.006473572256324578
Huebner2018,EEGNetv4,Unknown,3,14000,0.9510051993822614,0.006804716768640575
Huebner2018,EEGNetv4,Unknown,6,7000,0.9514768661637744,0.00675210054810615
Huebner2018,EEGNetv4,Unknown,6,14000,0.9523293582532748,0.006806473396869242
Huebner2018,EEGNetv4,Unknown,8,10500,0.953041754467811,0.006633129551824896
Huebner2018,EEGNetv4,Unknown,10,4200,0.9507869460866386,0.0069689516059543094
Huebner2018,EEGNetv4,Unknown,12,7000,0.9535675697814914,0.006561183147947521
Huebner2018,ShallowConvNet,Unknown,3,14000,0.9438988327255479,0.007489213468890508
Huebner2018,ShallowConvNet,Unknown,6,7000,0.9435342368401849,0.007569484207501345
Huebner2018,ShallowConvNet,Unknown,6,14000,0.9468930580744682,0.007217918874519697
Huebner2018,ShallowConvNet,Unknown,8,10500,0.949962907934775,0.007980777068943805
Huebner2018,ShallowConvNet,Unknown,10,4200,0.9449081755297866,0.007439213284020941
Huebner2018,ShallowConvNet,Unknown,12,7000,0.9463686534209064,0.0071951909325782566
Kalunga2016,ATCNet,Unknown,4,64,0.32473958333333336,0.018377205974141858
Kalunga2016,ATCNet,Unknown,8,32,0.39032118055555554,0.030708190972570375
Kalunga2016,ATCNet,Unknown,8,64,0.48663194444444446,0.042101353413045495
Kalunga2016,ATCNet,Unknown,12,42,0.44969618055555555,0.0500112792713892
Kalunga2016,DeepConvNet,Unknown,4,64,0.2707465277777778,0.00920194722672315
Kalunga2016,DeepConvNet,Unknown,8,32,0.2632378472222222,0.010214752818944224
Kalunga2016,DeepConvNet,Unknown,8,64,0.2805121527777778,0.010033281389582023
Kalunga2016,DeepConvNet,Unknown,12,42,0.26875,0.012993342190825222
Kalunga2016,EEGNetv4,Unknown,4,64,0.2594184027777778,0.015602948761812464
Kalunga2016,EEGNetv4,Unknown,8,32,0.294140625,0.022199071519718897
Kalunga2016,EEGNetv4,Unknown,8,64,0.32460937500000003,0.023715308251557314
Kalunga2016,EEGNetv4,Unknown,12,42,0.33988715277777776,0.024933859591515343
Kalunga2016,ShallowConvNet,Unknown,4,64,0.3705295138888889,0.026122228476234317
Kalunga2016,ShallowConvNet,Unknown,8,32,0.419921875,0.025189507971553518
Kalunga2016,ShallowConvNet,Unknown,8,64,0.49375,0.045177600921253
Kalunga2016,ShallowConvNet,Unknown,12,42,0.4731770833333333,0.035997065123730514
Lee2019_MI,ATCNet,Unknown,15,200,0.7392592592592593,0.015868413861511593
Lee2019_MI,ATCNet,Unknown,30,100,0.7512962962962964,0.014829089907947622
Lee2019_MI,ATCNet,Unknown,30,200,0.774074074074074,0.014956303739883223
Lee2019_MI,ATCNet,Unknown,40,150,0.7681481481481481,0.015767293754674474
Lee2019_MI,ATCNet,Unknown,50,60,0.7467592592592593,0.015128241350626745
Lee2019_MI,ATCNet,Unknown,50,120,0.7667592592592593,0.015439155735626235
Lee2019_MI,DeepConvNet,Unknown,15,200,0.7531481481481482,0.012519234883716335
Lee2019_MI,DeepConvNet,Unknown,30,100,0.7680555555555556,0.013520965335749102
Lee2019_MI,DeepConvNet,Unknown,30,200,0.8228703703703704,0.012297700417840063
Lee2019_MI,DeepConvNet,Unknown,40,150,0.8223148148148148,0.012488788097489963
Lee2019_MI,DeepConvNet,Unknown,50,60,0.7604629629629629,0.012873537258246354
Lee2019_MI,DeepConvNet,Unknown,50,120,0.8191666666666667,0.012268648721010507
Lee2019_MI,EEGNetv4,Unknown,15,200,0.739074074074074,0.012779423424751166
Lee2019_MI,EEGNetv4,Unknown,30,100,0.7408333333333333,0.012665225284866514
Lee2019_MI,EEGNetv4,Unknown,30,200,0.7858333333333334,0.012836491212115332
Lee2019_MI,EEGNetv4,Unknown,40,150,0.7900925925925926,0.01264779208664615
Lee2019_MI,EEGNetv4,Unknown,50,60,0.7315740740740742,0.012575296678375536
Lee2019_MI,EEGNetv4,Unknown,50,120,0.7822093023255814,0.013818654561372032
Lee2019_MI,ShallowConvNet,Unknown,15,200,0.7316666666666666,0.011920714080074899
Lee2019_MI,ShallowConvNet,Unknown,30,100,0.7258333333333333,0.013784777504390942
Lee2019_MI,ShallowConvNet,Unknown,30,200,0.765,0.012555954428646822
Lee2019_MI,ShallowConvNet,Unknown,40,150,0.7687037037037037,0.012103375762261887
Lee2019_MI,ShallowConvNet,Unknown,50,60,0.7138888888888888,0.012666547132467725
Lee2019_MI,ShallowConvNet,Unknown,50,120,0.7673148148148149,0.013223283365820989
Lee2019_SSVEP,ATCNet,High,20,200,0.9490740740740741,0.012803324708301346
Lee2019_SSVEP,ATCNet,High,25,160,0.952037037037037,0.01117371137849574
Lee2019_SSVEP,ATCNet,High,40,100,0.9483962264150944,0.01234613104703876
Lee2019_SSVEP,ATCNet,Low,10,200,0.9386792452830188,0.012683451316163183
Lee2019_SSVEP,ATCNet,Low,20,100,0.9430555555555555,0.011675959661152126
Lee2019_SSVEP,ATCNet,Low,40,50,0.941574074074074,0.012618290105219932
Lee2019_SSVEP,DeepConvNet,High,20,200,0.9574074074074075,0.012250829448052976
Lee2019_SSVEP,DeepConvNet,High,25,160,0.9588888888888889,0.01207192707264033
Lee2019_SSVEP,DeepConvNet,High,40,100,0.960462962962963,0.011901109913150696
Lee2019_SSVEP,DeepConvNet,Low,10,200,0.9456481481481481,0.013481906953377032
Lee2019_SSVEP,DeepConvNet,Low,20,100,0.9479629629629629,0.013589339014272837
Lee2019_SSVEP,DeepConvNet,Low,40,50,0.9521296296296297,0.012359342689216984
Lee2019_SSVEP,EEGNetv4,High,20,200,0.9499074074074074,0.012364210555810927
Lee2019_SSVEP,EEGNetv4,High,25,160,0.9501851851851852,0.012760194101614728
Lee2019_SSVEP,EEGNetv4,High,40,100,0.9486111111111112,0.01237122110290596
Lee2019_SSVEP,EEGNetv4,Low,10,200,0.9513888888888888,0.011835714959985423
Lee2019_SSVEP,EEGNetv4,Low,20,100,0.9506481481481481,0.012489720648517031
Lee2019_SSVEP,EEGNetv4,Low,40,50,0.9499074074074074,0.011879233579621886
Lee2019_SSVEP,ShallowConvNet,High,20,200,0.9049999999999999,0.015320361845334387
Lee2019_SSVEP,ShallowConvNet,High,25,160,0.9112264150943397,0.015559769156054988
Lee2019_SSVEP,ShallowConvNet,High,40,100,0.908611111111111,0.01546982402590603
Lee2019_SSVEP,ShallowConvNet,Low,10,200,0.8637962962962964,0.016203164611178027
Lee2019_SSVEP,ShallowConvNet,Low,20,100,0.8633333333333333,0.015886345107246253
Lee2019_SSVEP,ShallowConvNet,Low,40,50,0.8791666666666667,0.015236746884602264
MAMEM2,ATCNet,Unknown,3,100,0.2192,0.011574685020912379
MAMEM2,ATCNet,Unknown,6,50,0.22000000000000003,0.010345154528677776
MAMEM2,ATCNet,Unknown,6,100,0.2152,0.008960158728752773
MAMEM2,ATCNet,Unknown,8,75,0.2192,0.011757550765359255
MAMEM2,DeepConvNet,Unknown,3,100,0.1936,0.014449298329753675
MAMEM2,DeepConvNet,Unknown,6,50,0.1896,0.007915105109149778
MAMEM2,DeepConvNet,Unknown,6,100,0.2088,0.012533333333333337
MAMEM2,DeepConvNet,Unknown,8,75,0.19519999999999998,0.008017758068465554
MAMEM2,EEGNetv4,Unknown,3,100,0.2104,0.009981315878513546
MAMEM2,EEGNetv4,Unknown,6,50,0.2152,0.01000977300219918
MAMEM2,EEGNetv4,Unknown,6,100,0.2232,0.01367300665951389
MAMEM2,EEGNetv4,Unknown,8,75,0.2024,0.011190472137790553
MAMEM2,ShallowConvNet,Unknown,3,100,0.23199999999999998,0.014060188081561672
MAMEM2,ShallowConvNet,Unknown,6,50,0.2096,0.013428990199481782
MAMEM2,ShallowConvNet,Unknown,6,100,0.22800000000000004,0.006559132733999384
MAMEM2,ShallowConvNet,Unknown,8,75,0.21280000000000002,0.01034171702915483
Yang2025,ATCNet,High,15,600,0.7781112057870707,0.015468393257491015
Yang2025,ATCNet,High,20,450,0.7750066306236721,0.016101041211409328
Yang2025,ATCNet,High,30,300,0.7709532000970345,0.01578032701607693
Yang2025,ATCNet,Low,10,450,0.7579405669734323,0.015421107724881141
Yang2025,ATCNet,Low,15,300,0.7512754879752163,0.01597693037254646
Yang2025,ATCNet,Low,30,150,0.754961325586878,0.015568906447228645
Yang2025,DeepConvNet,High,15,600,0.8623996145509124,0.017452784624068823
Yang2025,DeepConvNet,High,20,450,0.8644261402418789,0.016984449764208646
Yang2025,DeepConvNet,High,30,300,0.8643936241747955,0.016761243980946163
Yang2025,DeepConvNet,Low,10,450,0.8481838246729078,0.017144665267845874
Yang2025,DeepConvNet,Low,15,300,0.8490651272509925,0.01703288856782316
Yang2025,DeepConvNet,Low,30,150,0.8440456979365161,0.01749372522185368
Yang2025,EEGNetv4,High,15,600,0.834258150481431,0.016620211522863783
Yang2025,EEGNetv4,High,20,450,0.8362841824025496,0.016434729687811043
Yang2025,EEGNetv4,High,30,300,0.8369371169770529,0.016384121622106392
Yang2025,EEGNetv4,Low,10,450,0.8224599382368867,0.01694370715660866
Yang2025,EEGNetv4,Low,15,300,0.8215739624798841,0.017197988883787277
Yang2025,EEGNetv4,Low,30,150,0.8226211408662553,0.016740526525661586
Yang2025,ShallowConvNet,High,15,600,0.8281447611955975,0.01653463407979135
Yang2025,ShallowConvNet,High,20,450,0.8304313200859732,0.0162926991834887
Yang2025,ShallowConvNet,High,30,300,0.8333715007506294,0.016076081416845717
Yang2025,ShallowConvNet,Low,10,450,0.8191910121102566,0.016540463490703053
Yang2025,ShallowConvNet,Low,15,300,0.8151002914895349,0.016424347240905635
Yang2025,ShallowConvNet,Low,30,150,0.815524909862204,0.016547840057310272
