dataset,model,finetuned_accuracy,cft_data_points,status,zs_data_points,efficiency_ratio,scaling_type
BI2015a,ATCNet,0.8920454545454546,5.0,unmatched_cft_is_better,,inf,subject
BI2015a,ATCNet,0.9021464646464646,10.0,unmatched_cft_is_better,,inf,subject
BI2015a,ATCNet,0.9094650205761317,15.0,unmatched_cft_is_better,,inf,subject
BI2015a,ATCNet,0.9147727272727272,20.0,unmatched_cft_is_better,,inf,subject
BI2015a,ATCNet,0.9197530864197532,25.0,unmatched_cft_is_better,,inf,subject
BI2015a,ATCNet,0.915079365079365,30.0,unmatched_cft_is_better,,inf,subject
BI2015a,ATCNet,0.9170992330714551,35.0,unmatched_cft_is_better,,inf,subject
BI2015a,DeepConvNet,0.9096102150537635,5.0,unmatched_cft_is_better,,inf,subject
BI2015a,DeepConvNet,0.924174174174174,10.0,unmatched_cft_is_better,,inf,subject
BI2015a,DeepConvNet,0.9230893592004703,15.0,unmatched_cft_is_better,,inf,subject
BI2015a,DeepConvNet,0.924924924924925,20.0,unmatched_cft_is_better,,inf,subject
BI2015a,DeepConvNet,0.9255050505050504,25.0,unmatched_cft_is_better,,inf,subject
BI2015a,DeepConvNet,0.9252645502645502,30.0,unmatched_cft_is_better,,inf,subject
BI2015a,DeepConvNet,0.9256756756756755,35.0,unmatched_cft_is_better,,inf,subject
BI2015a,EEGNetv4,0.8960573476702509,5.0,unmatched_cft_is_better,,inf,subject
BI2015a,EEGNetv4,0.8986625514403292,10.0,unmatched_cft_is_better,,inf,subject
BI2015a,EEGNetv4,0.9084362139917695,15.0,unmatched_cft_is_better,,inf,subject
BI2015a,EEGNetv4,0.9103174603174604,20.0,unmatched_cft_is_better,,inf,subject
BI2015a,EEGNetv4,0.9095238095238096,25.0,unmatched_cft_is_better,,inf,subject
BI2015a,EEGNetv4,0.9111111111111112,30.0,unmatched_cft_is_better,,inf,subject
BI2015a,EEGNetv4,0.9134920634920636,35.0,unmatched_cft_is_better,,inf,subject
BI2015a,ShallowConvNet,0.8670634920634921,5.0,matched,35.0,0.14285714285714285,subject
BI2015a,ShallowConvNet,0.8746913580246913,10.0,matched,35.0,0.2857142857142857,subject
BI2015a,ShallowConvNet,0.8825757575757576,15.0,unmatched_cft_is_better,,inf,subject
BI2015a,ShallowConvNet,0.8809523809523809,20.0,unmatched_cft_is_better,,inf,subject
BI2015a,ShallowConvNet,0.8901515151515151,25.0,unmatched_cft_is_better,,inf,subject
BI2015a,ShallowConvNet,0.8913398692810458,30.0,unmatched_cft_is_better,,inf,subject
BI2015a,ShallowConvNet,0.8898148148148148,35.0,unmatched_cft_is_better,,inf,subject
BNCI2014_001,ATCNet,0.6232638888888888,2.0,unmatched_cft_is_better,,inf,subject
BNCI2014_001,ATCNet,0.7309027777777778,4.0,unmatched_cft_is_better,,inf,subject
BNCI2014_001,ATCNet,0.7916666666666666,7.0,unmatched_cft_is_better,,inf,subject
BNCI2014_001,DeepConvNet,0.6840277777777778,7.0,unmatched_cft_is_better,,inf,subject
BNCI2014_001,EEGNetv4,0.6753472222222222,4.0,unmatched_cft_is_better,,inf,subject
BNCI2014_001,EEGNetv4,0.7482638888888888,7.0,unmatched_cft_is_better,,inf,subject
BNCI2014_001,ShallowConvNet,0.5260416666666666,2.0,unmatched_cft_is_better,,inf,subject
BNCI2014_001,ShallowConvNet,0.6180555555555556,4.0,unmatched_cft_is_better,,inf,subject
BNCI2014_001,ShallowConvNet,0.6961805555555556,7.0,unmatched_cft_is_better,,inf,subject
Huebner2017,ATCNet,0.9747101392887711,3.0,unmatched_cft_is_better,,inf,subject
Huebner2017,ATCNet,0.9776653696498054,7.0,unmatched_cft_is_better,,inf,subject
Huebner2017,ATCNet,0.978756517002568,10.0,unmatched_cft_is_better,,inf,subject
Huebner2017,DeepConvNet,0.973929961089494,3.0,unmatched_cft_is_better,,inf,subject
Huebner2017,DeepConvNet,0.9745525291828794,7.0,unmatched_cft_is_better,,inf,subject
Huebner2017,DeepConvNet,0.977431906614786,10.0,unmatched_cft_is_better,,inf,subject
Huebner2017,EEGNetv4,0.970975021399113,3.0,unmatched_cft_is_better,,inf,subject
Huebner2017,EEGNetv4,0.975099214068944,7.0,unmatched_cft_is_better,,inf,subject
Huebner2017,EEGNetv4,0.975099214068944,10.0,unmatched_cft_is_better,,inf,subject
Huebner2017,ShallowConvNet,0.965605789432729,3.0,unmatched_cft_is_better,,inf,subject
Huebner2017,ShallowConvNet,0.9714396887159532,7.0,unmatched_cft_is_better,,inf,subject
Huebner2017,ShallowConvNet,0.9715953307392996,10.0,unmatched_cft_is_better,,inf,subject
Huebner2018,ATCNet,0.9468739040187218,3.0,unmatched_cft_is_better,,inf,subject
Huebner2018,ATCNet,0.9500606592187149,6.0,unmatched_cft_is_better,,inf,subject
Huebner2018,ATCNet,0.9520569284403121,9.0,unmatched_cft_is_better,,inf,subject
Huebner2018,DeepConvNet,0.9464536476582213,3.0,unmatched_cft_is_better,,inf,subject
Huebner2018,DeepConvNet,0.949535522729586,6.0,unmatched_cft_is_better,,inf,subject
Huebner2018,DeepConvNet,0.9490805221743657,9.0,unmatched_cft_is_better,,inf,subject
Huebner2018,EEGNetv4,0.9435907057689663,3.0,unmatched_cft_is_better,,inf,subject
Huebner2018,EEGNetv4,0.9461736042978586,6.0,unmatched_cft_is_better,,inf,subject
Huebner2018,EEGNetv4,0.9487729379867362,9.0,unmatched_cft_is_better,,inf,subject
Huebner2018,ShallowConvNet,0.9342415297935128,3.0,unmatched_cft_is_better,,inf,subject
Huebner2018,ShallowConvNet,0.9401240372190616,6.0,unmatched_cft_is_better,,inf,subject
Huebner2018,ShallowConvNet,0.9406756451519886,9.0,unmatched_cft_is_better,,inf,subject
Kalunga2016,ATCNet,0.53125,9.0,unmatched_cft_is_better,,inf,subject
Kalunga2016,DeepConvNet,0.25520833333333337,3.0,matched,3.0,1.0,subject
Kalunga2016,DeepConvNet,0.2734375,6.0,unmatched_cft_is_better,,inf,subject
Kalunga2016,DeepConvNet,0.3125,9.0,unmatched_cft_is_better,,inf,subject
Kalunga2016,EEGNetv4,0.25,3.0,matched,3.0,1.0,subject
Kalunga2016,EEGNetv4,0.421875,9.0,unmatched_cft_is_better,,inf,subject
Kalunga2016,ShallowConvNet,0.484375,6.0,unmatched_cft_is_better,,inf,subject
Kalunga2016,ShallowConvNet,0.484375,9.0,unmatched_cft_is_better,,inf,subject
Lee2019_MI,ATCNet,0.6675,5.0,matched,15.0,0.3333333333333333,subject
Lee2019_MI,ATCNet,0.7275,10.0,matched,25.0,0.4,subject
Lee2019_MI,ATCNet,0.7324999999999999,15.0,matched,35.0,0.42857142857142855,subject
Lee2019_MI,ATCNet,0.735,20.0,matched,35.0,0.5714285714285714,subject
Lee2019_MI,ATCNet,0.7575000000000001,25.0,matched,30.0,0.8333333333333334,subject
Lee2019_MI,ATCNet,0.79,30.0,unmatched_cft_is_better,,inf,subject
Lee2019_MI,ATCNet,0.7875000000000001,35.0,unmatched_cft_is_better,,inf,subject
Lee2019_MI,ATCNet,0.7975000000000001,40.0,unmatched_cft_is_better,,inf,subject
Lee2019_MI,DeepConvNet,0.675,5.0,matched,15.0,0.3333333333333333,subject
Lee2019_MI,DeepConvNet,0.75,15.0,matched,25.0,0.6,subject
Lee2019_MI,DeepConvNet,0.79,20.0,matched,30.0,0.6666666666666666,subject
Lee2019_MI,DeepConvNet,0.81,25.0,matched,35.0,0.7142857142857143,subject
Lee2019_MI,DeepConvNet,0.84,30.0,unmatched_cft_is_better,,inf,subject
Lee2019_MI,DeepConvNet,0.85,35.0,unmatched_cft_is_better,,inf,subject
Lee2019_MI,DeepConvNet,0.8374999999999999,40.0,unmatched_cft_is_better,,inf,subject
Lee2019_MI,EEGNetv4,0.695,10.0,matched,15.0,0.6666666666666666,subject
Lee2019_MI,EEGNetv4,0.7424999999999999,15.0,matched,25.0,0.6,subject
Lee2019_MI,EEGNetv4,0.745,20.0,matched,25.0,0.8,subject
Lee2019_MI,EEGNetv4,0.7675000000000001,25.0,matched,35.0,0.7142857142857143,subject
Lee2019_MI,EEGNetv4,0.7825,30.0,matched,40.0,0.75,subject
Lee2019_MI,EEGNetv4,0.8125,35.0,unmatched_cft_is_better,,inf,subject
Lee2019_MI,EEGNetv4,0.805,40.0,unmatched_cft_is_better,,inf,subject
Lee2019_MI,ShallowConvNet,0.6825000000000001,10.0,matched,20.0,0.5,subject
Lee2019_MI,ShallowConvNet,0.7175,15.0,matched,25.0,0.6,subject
Lee2019_MI,ShallowConvNet,0.725,20.0,matched,35.0,0.5714285714285714,subject
Lee2019_MI,ShallowConvNet,0.7424999999999999,25.0,matched,30.0,0.8333333333333334,subject
Lee2019_MI,ShallowConvNet,0.7675000000000001,30.0,matched,40.0,0.75,subject
Lee2019_MI,ShallowConvNet,0.775,35.0,matched,40.0,0.875,subject
Lee2019_MI,ShallowConvNet,0.81,40.0,unmatched_cft_is_better,,inf,subject
Lee2019_SSVEP,ATCNet,0.965,5.0,matched,25.0,0.2,subject
Lee2019_SSVEP,ATCNet,0.975,10.0,matched,30.0,0.3333333333333333,subject
Lee2019_SSVEP,ATCNet,0.9724999999999999,15.0,matched,30.0,0.5,subject
Lee2019_SSVEP,ATCNet,0.98,20.0,matched,35.0,0.5714285714285714,subject
Lee2019_SSVEP,ATCNet,0.985,25.0,matched,35.0,0.7142857142857143,subject
Lee2019_SSVEP,ATCNet,0.985,30.0,matched,35.0,0.8571428571428571,subject
Lee2019_SSVEP,ATCNet,0.985,35.0,matched,35.0,1.0,subject
Lee2019_SSVEP,ATCNet,0.985,40.0,matched,35.0,1.1428571428571428,subject
Lee2019_SSVEP,DeepConvNet,0.9575,5.0,matched,10.0,0.5,subject
Lee2019_SSVEP,DeepConvNet,0.9775,10.0,matched,15.0,0.6666666666666666,subject
Lee2019_SSVEP,DeepConvNet,0.985,15.0,matched,25.0,0.6,subject
Lee2019_SSVEP,DeepConvNet,0.99,20.0,matched,30.0,0.6666666666666666,subject
Lee2019_SSVEP,DeepConvNet,0.99,25.0,matched,30.0,0.8333333333333334,subject
Lee2019_SSVEP,DeepConvNet,0.995,30.0,matched,30.0,1.0,subject
Lee2019_SSVEP,DeepConvNet,0.99,35.0,matched,30.0,1.1666666666666667,subject
Lee2019_SSVEP,DeepConvNet,0.9924999999999999,40.0,matched,30.0,1.3333333333333333,subject
Lee2019_SSVEP,EEGNetv4,0.9724999999999999,5.0,matched,15.0,0.3333333333333333,subject
Lee2019_SSVEP,EEGNetv4,0.98,10.0,matched,30.0,0.3333333333333333,subject
Lee2019_SSVEP,EEGNetv4,0.98,15.0,matched,30.0,0.5,subject
Lee2019_SSVEP,EEGNetv4,0.9824999999999999,20.0,matched,40.0,0.5,subject
Lee2019_SSVEP,EEGNetv4,0.985,25.0,matched,40.0,0.625,subject
Lee2019_SSVEP,EEGNetv4,0.985,30.0,matched,40.0,0.75,subject
Lee2019_SSVEP,EEGNetv4,0.9875,35.0,matched,40.0,0.875,subject
Lee2019_SSVEP,EEGNetv4,0.9875,40.0,matched,40.0,1.0,subject
Lee2019_SSVEP,ShallowConvNet,0.935,15.0,matched,30.0,0.5,subject
Lee2019_SSVEP,ShallowConvNet,0.9424999999999999,20.0,matched,30.0,0.6666666666666666,subject
Lee2019_SSVEP,ShallowConvNet,0.9524999999999999,25.0,matched,35.0,0.7142857142857143,subject
Lee2019_SSVEP,ShallowConvNet,0.96,30.0,matched,40.0,0.75,subject
Lee2019_SSVEP,ShallowConvNet,0.965,35.0,matched,40.0,0.875,subject
Lee2019_SSVEP,ShallowConvNet,0.97,40.0,unmatched_cft_is_better,,inf,subject
MAMEM2,ATCNet,0.216,3.0,matched,8.0,0.375,subject
MAMEM2,ATCNet,0.212,5.0,matched,8.0,0.625,subject
MAMEM2,ATCNet,0.24,8.0,matched,3.0,2.6666666666666665,subject
MAMEM2,EEGNetv4,0.20400000000000001,3.0,matched,5.0,0.6,subject
MAMEM2,EEGNetv4,0.212,5.0,unmatched_cft_is_better,,inf,subject
MAMEM2,EEGNetv4,0.2,8.0,matched,5.0,1.6,subject
MAMEM2,ShallowConvNet,0.21200000000000002,3.0,matched,5.0,0.6,subject
MAMEM2,ShallowConvNet,0.232,5.0,unmatched_cft_is_better,,inf,subject
MAMEM2,ShallowConvNet,0.22,8.0,matched,5.0,1.6,subject
Yang2025,ATCNet,0.7483333333333333,5.0,matched,25.0,0.2,subject
Yang2025,ATCNet,0.7816666666666666,10.0,unmatched_cft_is_better,,inf,subject
Yang2025,ATCNet,0.7966666666666666,15.0,unmatched_cft_is_better,,inf,subject
Yang2025,ATCNet,0.8,20.0,unmatched_cft_is_better,,inf,subject
Yang2025,ATCNet,0.8083333333333333,25.0,unmatched_cft_is_better,,inf,subject
Yang2025,ATCNet,0.8133333333333334,30.0,unmatched_cft_is_better,,inf,subject
Yang2025,ATCNet,0.8033333333333333,35.0,unmatched_cft_is_better,,inf,subject
Yang2025,ATCNet,0.8166666666666667,40.0,unmatched_cft_is_better,,inf,subject
Yang2025,DeepConvNet,0.885,5.0,matched,40.0,0.125,subject
Yang2025,DeepConvNet,0.895,10.0,unmatched_cft_is_better,,inf,subject
Yang2025,DeepConvNet,0.8975,15.0,unmatched_cft_is_better,,inf,subject
Yang2025,DeepConvNet,0.9116666666666666,20.0,unmatched_cft_is_better,,inf,subject
Yang2025,DeepConvNet,0.9233333333333332,25.0,unmatched_cft_is_better,,inf,subject
Yang2025,DeepConvNet,0.9233333333333332,30.0,unmatched_cft_is_better,,inf,subject
Yang2025,DeepConvNet,0.925,35.0,unmatched_cft_is_better,,inf,subject
Yang2025,DeepConvNet,0.9283333333333332,40.0,unmatched_cft_is_better,,inf,subject
Yang2025,EEGNetv4,0.84,5.0,unmatched_cft_is_better,,inf,subject
Yang2025,EEGNetv4,0.8616666666666667,10.0,unmatched_cft_is_better,,inf,subject
Yang2025,EEGNetv4,0.87,15.0,unmatched_cft_is_better,,inf,subject
Yang2025,EEGNetv4,0.8683333333333333,20.0,unmatched_cft_is_better,,inf,subject
Yang2025,EEGNetv4,0.8816666666666667,25.0,unmatched_cft_is_better,,inf,subject
Yang2025,EEGNetv4,0.8925,30.0,unmatched_cft_is_better,,inf,subject
Yang2025,EEGNetv4,0.89,35.0,unmatched_cft_is_better,,inf,subject
Yang2025,EEGNetv4,0.8783333333333333,40.0,unmatched_cft_is_better,,inf,subject
Yang2025,ShallowConvNet,0.83,5.0,matched,15.0,0.3333333333333333,subject
Yang2025,ShallowConvNet,0.86,10.0,matched,30.0,0.3333333333333333,subject
Yang2025,ShallowConvNet,0.8666666666666667,15.0,unmatched_cft_is_better,,inf,subject
Yang2025,ShallowConvNet,0.8766666666666667,20.0,unmatched_cft_is_better,,inf,subject
Yang2025,ShallowConvNet,0.8866666666666667,25.0,unmatched_cft_is_better,,inf,subject
Yang2025,ShallowConvNet,0.8966666666666666,30.0,unmatched_cft_is_better,,inf,subject
Yang2025,ShallowConvNet,0.8916666666666666,35.0,unmatched_cft_is_better,,inf,subject
Yang2025,ShallowConvNet,0.8958333333333333,40.0,unmatched_cft_is_better,,inf,subject
BI2015a,ATCNet,0.8662551440329218,50.0,matched,1044.0,0.04789272030651341,trial
BI2015a,ATCNet,0.8960905349794238,250.0,unmatched_cft_is_better,,inf,trial
BI2015a,ATCNet,0.9076779701779703,500.0,unmatched_cft_is_better,,inf,trial
BI2015a,ATCNet,0.9063492063492063,750.0,unmatched_cft_is_better,,inf,trial
BI2015a,ATCNet,0.90990990990991,1044.0,unmatched_cft_is_better,,inf,trial
BI2015a,DeepConvNet,0.8832070707070707,50.0,matched,1044.0,0.04789272030651341,trial
BI2015a,DeepConvNet,0.9097222222222222,250.0,unmatched_cft_is_better,,inf,trial
BI2015a,DeepConvNet,0.9122474747474748,500.0,unmatched_cft_is_better,,inf,trial
BI2015a,DeepConvNet,0.9166666666666666,750.0,unmatched_cft_is_better,,inf,trial
BI2015a,DeepConvNet,0.9220720720720722,1044.0,unmatched_cft_is_better,,inf,trial
BI2015a,EEGNetv4,0.8849206349206349,50.0,unmatched_cft_is_better,,inf,trial
BI2015a,EEGNetv4,0.9001501501501501,250.0,unmatched_cft_is_better,,inf,trial
BI2015a,EEGNetv4,0.9016516516516516,500.0,unmatched_cft_is_better,,inf,trial
BI2015a,EEGNetv4,0.9034090909090908,750.0,unmatched_cft_is_better,,inf,trial
BI2015a,EEGNetv4,0.91005291005291,1044.0,unmatched_cft_is_better,,inf,trial
BI2015a,ShallowConvNet,0.8308641975308642,50.0,matched,250.0,0.2,trial
BI2015a,ShallowConvNet,0.8580246913580247,250.0,matched,1044.0,0.23946360153256704,trial
BI2015a,ShallowConvNet,0.8709876543209877,500.0,unmatched_cft_is_better,,inf,trial
BI2015a,ShallowConvNet,0.8746031746031746,750.0,unmatched_cft_is_better,,inf,trial
BI2015a,ShallowConvNet,0.8874515855725006,1044.0,unmatched_cft_is_better,,inf,trial
BNCI2014_001,ATCNet,0.5572916666666666,50.0,unmatched_cft_is_better,,inf,trial
BNCI2014_001,ATCNet,0.6354166666666666,150.0,unmatched_cft_is_better,,inf,trial
BNCI2014_001,ATCNet,0.6927083333333334,300.0,unmatched_cft_is_better,,inf,trial
BNCI2014_001,ATCNet,0.7048611111111112,450.0,unmatched_cft_is_better,,inf,trial
BNCI2014_001,DeepConvNet,0.3541666666666667,150.0,matched,300.0,0.5,trial
BNCI2014_001,DeepConvNet,0.4305555555555556,300.0,unmatched_cft_is_better,,inf,trial
BNCI2014_001,DeepConvNet,0.4756944444444444,450.0,unmatched_cft_is_better,,inf,trial
BNCI2014_001,EEGNetv4,0.4947916666666667,50.0,unmatched_cft_is_better,,inf,trial
BNCI2014_001,EEGNetv4,0.5677083333333334,150.0,unmatched_cft_is_better,,inf,trial
BNCI2014_001,EEGNetv4,0.6354166666666666,300.0,unmatched_cft_is_better,,inf,trial
BNCI2014_001,EEGNetv4,0.6649305555555556,450.0,unmatched_cft_is_better,,inf,trial
BNCI2014_001,ShallowConvNet,0.5711805555555556,50.0,unmatched_cft_is_better,,inf,trial
BNCI2014_001,ShallowConvNet,0.5711805555555556,150.0,unmatched_cft_is_better,,inf,trial
BNCI2014_001,ShallowConvNet,0.6458333333333334,300.0,unmatched_cft_is_better,,inf,trial
BNCI2014_001,ShallowConvNet,0.6649305555555556,450.0,unmatched_cft_is_better,,inf,trial
Huebner2017,ATCNet,0.9750233426704016,2000.0,unmatched_cft_is_better,,inf,trial
Huebner2017,ATCNet,0.975955178585324,4500.0,unmatched_cft_is_better,,inf,trial
Huebner2017,ATCNet,0.9766536964980544,7000.0,unmatched_cft_is_better,,inf,trial
Huebner2017,ATCNet,0.9772780328379116,9500.0,unmatched_cft_is_better,,inf,trial
Huebner2017,DeepConvNet,0.9719066147859924,2000.0,unmatched_cft_is_better,,inf,trial
Huebner2017,DeepConvNet,0.9746303501945526,4500.0,unmatched_cft_is_better,,inf,trial
Huebner2017,DeepConvNet,0.9746303501945526,7000.0,unmatched_cft_is_better,,inf,trial
Huebner2017,DeepConvNet,0.9705474597967159,9500.0,unmatched_cft_is_better,,inf,trial
Huebner2017,EEGNetv4,0.9706637615749748,2000.0,unmatched_cft_is_better,,inf,trial
Huebner2017,EEGNetv4,0.973387285036184,4500.0,unmatched_cft_is_better,,inf,trial
Huebner2017,EEGNetv4,0.973698544860322,7000.0,unmatched_cft_is_better,,inf,trial
Huebner2017,EEGNetv4,0.9729203952999766,9500.0,unmatched_cft_is_better,,inf,trial
Huebner2017,ShallowConvNet,0.963504785619796,2000.0,unmatched_cft_is_better,,inf,trial
Huebner2017,ShallowConvNet,0.9698054474708172,4500.0,unmatched_cft_is_better,,inf,trial
Huebner2017,ShallowConvNet,0.9694163424124512,7000.0,unmatched_cft_is_better,,inf,trial
Huebner2017,ShallowConvNet,0.9708972064430784,9500.0,unmatched_cft_is_better,,inf,trial
Huebner2018,ATCNet,0.9521675187338048,3000.0,unmatched_cft_is_better,,inf,trial
Huebner2018,ATCNet,0.9491852624922562,6000.0,unmatched_cft_is_better,,inf,trial
Huebner2018,ATCNet,0.9505160718476882,9000.0,unmatched_cft_is_better,,inf,trial
Huebner2018,ATCNet,0.9492204481945684,12000.0,unmatched_cft_is_better,,inf,trial
Huebner2018,DeepConvNet,0.9457533332204382,3000.0,unmatched_cft_is_better,,inf,trial
Huebner2018,DeepConvNet,0.9470140581511808,6000.0,unmatched_cft_is_better,,inf,trial
Huebner2018,DeepConvNet,0.9487299308063414,9000.0,unmatched_cft_is_better,,inf,trial
Huebner2018,DeepConvNet,0.9481698367271564,12000.0,unmatched_cft_is_better,,inf,trial
Huebner2018,EEGNetv4,0.9407453395783045,3000.0,unmatched_cft_is_better,,inf,trial
Huebner2018,EEGNetv4,0.9425663793420285,6000.0,unmatched_cft_is_better,,inf,trial
Huebner2018,EEGNetv4,0.9453681742607313,9000.0,unmatched_cft_is_better,,inf,trial
Huebner2018,EEGNetv4,0.947329272496936,12000.0,unmatched_cft_is_better,,inf,trial
Huebner2018,ShallowConvNet,0.9329108455483882,3000.0,unmatched_cft_is_better,,inf,trial
Huebner2018,ShallowConvNet,0.9351518399922474,6000.0,unmatched_cft_is_better,,inf,trial
Huebner2018,ShallowConvNet,0.9557051422011483,9000.0,unmatched_cft_is_better,,inf,trial
Huebner2018,ShallowConvNet,0.9394587098092967,12000.0,unmatched_cft_is_better,,inf,trial
Kalunga2016,ATCNet,0.453125,50.0,matched,64.0,0.78125,trial
Kalunga2016,ATCNet,0.484375,64.0,unmatched_cft_is_better,,inf,trial
Kalunga2016,DeepConvNet,0.28203125,30.0,matched,64.0,0.46875,trial
Kalunga2016,DeepConvNet,0.28125,40.0,matched,64.0,0.625,trial
Kalunga2016,DeepConvNet,0.28125,50.0,matched,64.0,0.78125,trial
Kalunga2016,DeepConvNet,0.28125,64.0,matched,64.0,1.0,trial
Kalunga2016,EEGNetv4,0.2609375,30.0,matched,50.0,0.6,trial
Kalunga2016,EEGNetv4,0.265625,40.0,matched,50.0,0.8,trial
Kalunga2016,EEGNetv4,0.3046875,50.0,matched,64.0,0.78125,trial
Kalunga2016,EEGNetv4,0.3359375,64.0,unmatched_cft_is_better,,inf,trial
Kalunga2016,ShallowConvNet,0.40234375,30.0,unmatched_cft_is_better,,inf,trial
Kalunga2016,ShallowConvNet,0.40625,40.0,unmatched_cft_is_better,,inf,trial
Kalunga2016,ShallowConvNet,0.4140625,50.0,unmatched_cft_is_better,,inf,trial
Kalunga2016,ShallowConvNet,0.4453125,64.0,unmatched_cft_is_better,,inf,trial
Lee2019_MI,ATCNet,0.72,100.0,matched,150.0,0.6666666666666666,trial
Lee2019_MI,ATCNet,0.7625,150.0,matched,200.0,0.75,trial
Lee2019_MI,ATCNet,0.8,200.0,unmatched_cft_is_better,,inf,trial
Lee2019_MI,DeepConvNet,0.7825,100.0,matched,150.0,0.6666666666666666,trial
Lee2019_MI,DeepConvNet,0.8,150.0,unmatched_cft_is_better,,inf,trial
Lee2019_MI,DeepConvNet,0.825,200.0,unmatched_cft_is_better,,inf,trial
Lee2019_MI,EEGNetv4,0.735,100.0,matched,200.0,0.5,trial
Lee2019_MI,EEGNetv4,0.775,150.0,unmatched_cft_is_better,,inf,trial
Lee2019_MI,EEGNetv4,0.785,200.0,unmatched_cft_is_better,,inf,trial
Lee2019_MI,ShallowConvNet,0.7,100.0,matched,150.0,0.6666666666666666,trial
Lee2019_MI,ShallowConvNet,0.75,150.0,matched,200.0,0.75,trial
Lee2019_MI,ShallowConvNet,0.77,200.0,unmatched_cft_is_better,,inf,trial
Lee2019_SSVEP,ATCNet,0.97,50.0,matched,200.0,0.25,trial
Lee2019_SSVEP,ATCNet,0.98,100.0,matched,150.0,0.6666666666666666,trial
Lee2019_SSVEP,ATCNet,0.985,150.0,matched,150.0,1.0,trial
Lee2019_SSVEP,ATCNet,0.985,200.0,matched,150.0,1.3333333333333333,trial
Lee2019_SSVEP,DeepConvNet,0.985,50.0,matched,100.0,0.5,trial
Lee2019_SSVEP,DeepConvNet,0.99,100.0,matched,150.0,0.6666666666666666,trial
Lee2019_SSVEP,DeepConvNet,0.99,150.0,matched,150.0,1.0,trial
Lee2019_SSVEP,DeepConvNet,0.99,200.0,matched,150.0,1.3333333333333333,trial
Lee2019_SSVEP,EEGNetv4,0.985,50.0,matched,200.0,0.25,trial
Lee2019_SSVEP,EEGNetv4,0.99,100.0,unmatched_cft_is_better,,inf,trial
Lee2019_SSVEP,EEGNetv4,0.99,150.0,unmatched_cft_is_better,,inf,trial
Lee2019_SSVEP,EEGNetv4,0.985,200.0,matched,200.0,1.0,trial
Lee2019_SSVEP,ShallowConvNet,0.935,100.0,unmatched_cft_is_better,,inf,trial
Lee2019_SSVEP,ShallowConvNet,0.955,150.0,unmatched_cft_is_better,,inf,trial
Lee2019_SSVEP,ShallowConvNet,0.955,200.0,unmatched_cft_is_better,,inf,trial
MAMEM2,ATCNet,0.212,40.0,unmatched_cft_is_better,,inf,trial
MAMEM2,ATCNet,0.216,60.0,unmatched_cft_is_better,,inf,trial
MAMEM2,ATCNet,0.216,80.0,unmatched_cft_is_better,,inf,trial
MAMEM2,DeepConvNet,0.22,40.0,matched,40.0,1.0,trial
MAMEM2,DeepConvNet,0.20400000000000001,60.0,matched,60.0,1.0,trial
MAMEM2,DeepConvNet,0.196,80.0,matched,60.0,1.3333333333333333,trial
MAMEM2,EEGNetv4,0.20800000000000002,40.0,matched,40.0,1.0,trial
MAMEM2,EEGNetv4,0.196,60.0,matched,60.0,1.0,trial
MAMEM2,EEGNetv4,0.224,80.0,matched,80.0,1.0,trial
MAMEM2,ShallowConvNet,0.196,40.0,matched,40.0,1.0,trial
MAMEM2,ShallowConvNet,0.22,60.0,matched,80.0,0.75,trial
MAMEM2,ShallowConvNet,0.20400000000000001,80.0,matched,40.0,2.0,trial
Yang2025,ATCNet,0.705,50.0,matched,150.0,0.3333333333333333,trial
Yang2025,ATCNet,0.765,150.0,unmatched_cft_is_better,,inf,trial
Yang2025,ATCNet,0.7766666666666666,300.0,unmatched_cft_is_better,,inf,trial
Yang2025,ATCNet,0.8,450.0,unmatched_cft_is_better,,inf,trial
Yang2025,ATCNet,0.8033333333333333,600.0,unmatched_cft_is_better,,inf,trial
Yang2025,DeepConvNet,0.8758333333333334,150.0,matched,600.0,0.25,trial
Yang2025,DeepConvNet,0.8933333333333333,300.0,unmatched_cft_is_better,,inf,trial
Yang2025,DeepConvNet,0.9133333333333332,450.0,unmatched_cft_is_better,,inf,trial
Yang2025,DeepConvNet,0.9166666666666666,600.0,unmatched_cft_is_better,,inf,trial
Yang2025,EEGNetv4,0.8433333333333334,50.0,unmatched_cft_is_better,,inf,trial
Yang2025,EEGNetv4,0.8583333333333334,150.0,unmatched_cft_is_better,,inf,trial
Yang2025,EEGNetv4,0.8716666666666667,300.0,unmatched_cft_is_better,,inf,trial
Yang2025,EEGNetv4,0.8883333333333333,450.0,unmatched_cft_is_better,,inf,trial
Yang2025,EEGNetv4,0.8883333333333333,600.0,unmatched_cft_is_better,,inf,trial
Yang2025,ShallowConvNet,0.7883333333333333,50.0,matched,150.0,0.3333333333333333,trial
Yang2025,ShallowConvNet,0.8366666666666667,150.0,matched,600.0,0.25,trial
Yang2025,ShallowConvNet,0.8683333333333333,300.0,unmatched_cft_is_better,,inf,trial
Yang2025,ShallowConvNet,0.8766666666666667,450.0,unmatched_cft_is_better,,inf,trial
Yang2025,ShallowConvNet,0.885,600.0,unmatched_cft_is_better,,inf,trial
