model,dataset,paradigm,subject_id,TL+CFT,TL-ZS
ATCNet,BI2015a,P300,1,0.8553268765133172,0.8333333333333334
ATCNet,BI2015a,P300,10,0.9336917562724014,0.9068100358422939
ATCNet,BI2015a,P300,11,0.8923611111111112,0.8256944444444444
ATCNet,BI2015a,P300,12,0.8629032258064516,0.8346774193548387
ATCNet,BI2015a,P300,13,0.9400584795321637,0.8903508771929824
ATCNet,BI2015a,P300,14,0.8803418803418803,0.7457264957264957
ATCNet,BI2015a,P300,15,0.9285714285714286,0.8928571428571429
ATCNet,BI2015a,P300,16,0.9396825396825397,0.9071428571428571
ATCNet,BI2015a,P300,17,0.8790123456790123,0.8574074074074074
ATCNet,BI2015a,P300,18,0.8814814814814815,0.8308641975308642
ATCNet,BI2015a,P300,19,0.9094444444444445,0.8794444444444445
ATCNet,BI2015a,P300,2,0.9411375661375662,0.9212962962962963
ATCNet,BI2015a,P300,20,0.9314814814814815,0.895679012345679
ATCNet,BI2015a,P300,21,0.9428571428571428,0.919047619047619
ATCNet,BI2015a,P300,22,0.9097222222222222,0.8484848484848485
ATCNet,BI2015a,P300,23,0.8932748538011696,0.8647660818713451
ATCNet,BI2015a,P300,24,0.9436728395061729,0.9151234567901234
ATCNet,BI2015a,P300,25,0.8711685823754789,0.7528735632183908
ATCNet,BI2015a,P300,26,0.9498207885304659,0.9310035842293907
ATCNet,BI2015a,P300,27,0.8523206751054853,0.8386075949367089
ATCNet,BI2015a,P300,28,0.8894444444444445,0.8622222222222222
ATCNet,BI2015a,P300,29,0.8643790849673203,0.8453159041394336
ATCNet,BI2015a,P300,3,0.9501915708812261,0.8697318007662835
ATCNet,BI2015a,P300,30,0.9032921810699589,0.897119341563786
ATCNet,BI2015a,P300,31,0.8518518518518519,0.8207407407407408
ATCNet,BI2015a,P300,32,0.9157706093189965,0.8897849462365591
ATCNet,BI2015a,P300,33,0.9173280423280423,0.8974867724867724
ATCNet,BI2015a,P300,34,0.9214285714285714,0.8888888888888888
ATCNet,BI2015a,P300,35,0.8405797101449275,0.8341384863123994
ATCNet,BI2015a,P300,36,0.925,0.8666666666666667
ATCNet,BI2015a,P300,37,0.861904761904762,0.8321428571428572
ATCNet,BI2015a,P300,38,0.9211711711711712,0.8618618618618619
ATCNet,BI2015a,P300,39,0.9002267573696145,0.8333333333333334
ATCNet,BI2015a,P300,4,0.9368055555555556,0.9020833333333333
ATCNet,BI2015a,P300,40,0.9089506172839507,0.8611111111111112
ATCNet,BI2015a,P300,41,0.8993827160493827,0.8425925925925926
ATCNet,BI2015a,P300,42,0.8586744639376218,0.8455165692007798
ATCNet,BI2015a,P300,43,0.9597701149425287,0.9329501915708812
ATCNet,BI2015a,P300,5,0.9318181818181818,0.877104377104377
ATCNet,BI2015a,P300,6,0.9002525252525253,0.8213383838383839
ATCNet,BI2015a,P300,7,0.9248366013071896,0.8333333333333334
ATCNet,BI2015a,P300,8,0.916005291005291,0.875
ATCNet,BI2015a,P300,9,0.9099099099099099,0.8566066066066066
ATCNet,Lee2019_SSVEP,SSVEP,1,0.955,0.95
ATCNet,Lee2019_SSVEP,SSVEP,10,1.0,1.0
ATCNet,Lee2019_SSVEP,SSVEP,11,1.0,1.0
ATCNet,Lee2019_SSVEP,SSVEP,12,0.97,
ATCNet,Lee2019_SSVEP,SSVEP,13,0.995,0.965
ATCNet,Lee2019_SSVEP,SSVEP,14,0.925,0.805
ATCNet,Lee2019_SSVEP,SSVEP,15,0.995,0.735
ATCNet,Lee2019_SSVEP,SSVEP,16,1.0,1.0
ATCNet,Lee2019_SSVEP,SSVEP,17,0.985,0.915
ATCNet,Lee2019_SSVEP,SSVEP,18,0.975,0.98
ATCNet,Lee2019_SSVEP,SSVEP,19,0.98,0.98
ATCNet,Lee2019_SSVEP,SSVEP,2,0.99,0.985
ATCNet,Lee2019_SSVEP,SSVEP,20,0.99,0.975
ATCNet,Lee2019_SSVEP,SSVEP,21,0.985,0.965
ATCNet,Lee2019_SSVEP,SSVEP,22,0.905,0.895
ATCNet,Lee2019_SSVEP,SSVEP,23,0.55,0.385
ATCNet,Lee2019_SSVEP,SSVEP,24,0.975,0.93
ATCNet,Lee2019_SSVEP,SSVEP,25,0.98,0.97
ATCNet,Lee2019_SSVEP,SSVEP,26,1.0,0.995
ATCNet,Lee2019_SSVEP,SSVEP,27,0.99,1.0
ATCNet,Lee2019_SSVEP,SSVEP,28,0.985,0.97
ATCNet,Lee2019_SSVEP,SSVEP,29,0.96,0.935
ATCNet,Lee2019_SSVEP,SSVEP,3,0.94,0.91
ATCNet,Lee2019_SSVEP,SSVEP,30,1.0,0.99
ATCNet,Lee2019_SSVEP,SSVEP,31,1.0,1.0
ATCNet,Lee2019_SSVEP,SSVEP,32,0.955,0.925
ATCNet,Lee2019_SSVEP,SSVEP,33,0.995,0.99
ATCNet,Lee2019_SSVEP,SSVEP,34,0.815,0.83
ATCNet,Lee2019_SSVEP,SSVEP,35,0.985,0.95
ATCNet,Lee2019_SSVEP,SSVEP,36,1.0,1.0
ATCNet,Lee2019_SSVEP,SSVEP,37,0.985,0.985
ATCNet,Lee2019_SSVEP,SSVEP,38,0.99,0.995
ATCNet,Lee2019_SSVEP,SSVEP,39,1.0,1.0
ATCNet,Lee2019_SSVEP,SSVEP,4,1.0,1.0
ATCNet,Lee2019_SSVEP,SSVEP,40,0.905,0.92
ATCNet,Lee2019_SSVEP,SSVEP,41,1.0,0.98
ATCNet,Lee2019_SSVEP,SSVEP,42,0.78,0.805
ATCNet,Lee2019_SSVEP,SSVEP,43,1.0,1.0
ATCNet,Lee2019_SSVEP,SSVEP,44,0.985,0.98
ATCNet,Lee2019_SSVEP,SSVEP,45,0.945,0.925
ATCNet,Lee2019_SSVEP,SSVEP,46,1.0,0.99
ATCNet,Lee2019_SSVEP,SSVEP,47,0.625,0.63
ATCNet,Lee2019_SSVEP,SSVEP,48,0.995,1.0
ATCNet,Lee2019_SSVEP,SSVEP,49,0.995,0.99
ATCNet,Lee2019_SSVEP,SSVEP,5,0.855,0.825
ATCNet,Lee2019_SSVEP,SSVEP,50,0.99,0.995
ATCNet,Lee2019_SSVEP,SSVEP,51,0.815,0.765
ATCNet,Lee2019_SSVEP,SSVEP,52,1.0,0.995
ATCNet,Lee2019_SSVEP,SSVEP,53,1.0,1.0
ATCNet,Lee2019_SSVEP,SSVEP,54,0.915,0.855
ATCNet,Lee2019_SSVEP,SSVEP,6,1.0,1.0
ATCNet,Lee2019_SSVEP,SSVEP,7,1.0,1.0
ATCNet,Lee2019_SSVEP,SSVEP,8,0.94,0.925
ATCNet,Lee2019_SSVEP,SSVEP,9,0.975,0.935
ATCNet,Yang2025,MI,1,0.89,0.825
ATCNet,Yang2025,MI,10,0.8,0.7133333333333334
ATCNet,Yang2025,MI,11,0.88,0.8366666666666667
ATCNet,Yang2025,MI,12,0.5516666666666666,0.5733333333333334
ATCNet,Yang2025,MI,13,0.74,0.63
ATCNet,Yang2025,MI,14,0.545,0.5283333333333333
ATCNet,Yang2025,MI,15,0.7133333333333334,0.76
ATCNet,Yang2025,MI,16,0.6933333333333334,0.5583333333333333
ATCNet,Yang2025,MI,17,0.7133333333333334,0.5716666666666667
ATCNet,Yang2025,MI,18,0.6483333333333333,0.5716666666666667
ATCNet,Yang2025,MI,19,0.86,0.7916666666666666
ATCNet,Yang2025,MI,2,0.6166666666666667,0.5833333333333334
ATCNet,Yang2025,MI,20,0.6983333333333334,0.5483333333333333
ATCNet,Yang2025,MI,21,0.7966666666666666,0.7366666666666667
ATCNet,Yang2025,MI,22,0.7766666666666666,0.655
ATCNet,Yang2025,MI,23,0.9048414023372288,0.8664440734557596
ATCNet,Yang2025,MI,24,0.9461279461279462,0.898989898989899
ATCNet,Yang2025,MI,25,0.8366666666666667,0.6233333333333333
ATCNet,Yang2025,MI,26,0.8380634390651085,0.667779632721202
ATCNet,Yang2025,MI,27,0.7666666666666667,0.5316666666666666
ATCNet,Yang2025,MI,28,0.9083333333333333,0.85
ATCNet,Yang2025,MI,29,0.9433333333333334,0.8983333333333333
ATCNet,Yang2025,MI,3,0.9116666666666666,0.92
ATCNet,Yang2025,MI,30,0.7433333333333333,0.7816666666666666
ATCNet,Yang2025,MI,31,0.77,0.7766666666666666
ATCNet,Yang2025,MI,32,0.7896494156928213,0.6176961602671118
ATCNet,Yang2025,MI,33,0.9433333333333334,0.6816666666666666
ATCNet,Yang2025,MI,34,0.86,0.47
ATCNet,Yang2025,MI,35,0.7933333333333333,0.6333333333333333
ATCNet,Yang2025,MI,36,0.8516666666666667,0.7733333333333333
ATCNet,Yang2025,MI,37,,0.7933333333333333
ATCNet,Yang2025,MI,38,0.5283333333333333,0.525
ATCNet,Yang2025,MI,39,0.8266666666666667,0.7416666666666667
ATCNet,Yang2025,MI,4,0.535,0.5433333333333333
ATCNet,Yang2025,MI,40,0.8133333333333334,0.7366666666666667
ATCNet,Yang2025,MI,41,0.9083333333333333,0.8716666666666667
ATCNet,Yang2025,MI,42,0.7466666666666667,0.6983333333333334
ATCNet,Yang2025,MI,43,0.9166666666666666,0.8083333333333333
ATCNet,Yang2025,MI,44,0.64,0.6166666666666667
ATCNet,Yang2025,MI,45,0.7666666666666667,0.6216666666666667
ATCNet,Yang2025,MI,46,0.9033333333333333,0.8733333333333333
ATCNet,Yang2025,MI,47,0.7766666666666666,0.7033333333333334
ATCNet,Yang2025,MI,48,0.8116666666666666,0.7416666666666667
ATCNet,Yang2025,MI,49,0.89,0.7866666666666666
ATCNet,Yang2025,MI,5,0.8433333333333334,0.7483333333333333
ATCNet,Yang2025,MI,50,0.8983333333333333,0.8166666666666667
ATCNet,Yang2025,MI,51,0.85,0.7633333333333333
ATCNet,Yang2025,MI,6,0.9483333333333334,0.9233333333333333
ATCNet,Yang2025,MI,7,0.6716666666666666,0.67
ATCNet,Yang2025,MI,8,0.865,0.835
ATCNet,Yang2025,MI,9,0.6883333333333334,0.58
DeepConvNet,BI2015a,P300,1,0.8728813559322034,0.8254640839386602
DeepConvNet,BI2015a,P300,10,0.9417562724014337,0.8987455197132617
DeepConvNet,BI2015a,P300,11,0.9104166666666667,0.8319444444444445
DeepConvNet,BI2015a,P300,12,0.8696236559139785,0.842741935483871
DeepConvNet,BI2015a,P300,13,0.9480994152046783,0.8940058479532164
DeepConvNet,BI2015a,P300,14,,0.782051282051282
DeepConvNet,BI2015a,P300,15,0.9341269841269841,0.8944444444444445
DeepConvNet,BI2015a,P300,16,0.942063492063492,0.9031746031746032
DeepConvNet,BI2015a,P300,17,0.8975308641975308,0.8734567901234568
DeepConvNet,BI2015a,P300,18,0.9055555555555556,0.8530864197530864
DeepConvNet,BI2015a,P300,19,0.9088888888888889,0.8833333333333333
DeepConvNet,BI2015a,P300,2,0.9398148148148148,0.9252645502645502
DeepConvNet,BI2015a,P300,20,0.9351851851851852,0.8925925925925926
DeepConvNet,BI2015a,P300,21,0.946031746031746,0.9238095238095239
DeepConvNet,BI2015a,P300,22,0.9141414141414141,0.8838383838383839
DeepConvNet,BI2015a,P300,23,0.89546783625731,0.8808479532163743
DeepConvNet,BI2015a,P300,24,0.9452160493827161,0.9189814814814815
DeepConvNet,BI2015a,P300,25,0.8793103448275862,0.8189655172413793
DeepConvNet,BI2015a,P300,26,0.9623655913978495,0.9408602150537635
DeepConvNet,BI2015a,P300,27,0.8677918424753868,0.849507735583685
DeepConvNet,BI2015a,P300,28,0.9,0.8777777777777778
DeepConvNet,BI2015a,P300,29,0.8867102396514162,0.8474945533769063
DeepConvNet,BI2015a,P300,3,0.9559386973180076,0.8687739463601533
DeepConvNet,BI2015a,P300,30,0.9547325102880658,0.897119341563786
DeepConvNet,BI2015a,P300,31,0.8525925925925926,0.82
DeepConvNet,BI2015a,P300,32,0.9265232974910395,0.9121863799283154
DeepConvNet,BI2015a,P300,33,0.923941798941799,0.9014550264550265
DeepConvNet,BI2015a,P300,34,0.9222222222222223,0.9031746031746032
DeepConvNet,BI2015a,P300,35,0.8502415458937198,0.8518518518518519
DeepConvNet,BI2015a,P300,36,0.9381944444444444,0.8770833333333333
DeepConvNet,BI2015a,P300,37,0.8773809523809524,0.7690476190476191
DeepConvNet,BI2015a,P300,38,0.9219219219219219,0.8618618618618619
DeepConvNet,BI2015a,P300,39,,0.8333333333333334
DeepConvNet,BI2015a,P300,4,0.9479166666666666,0.9270833333333334
DeepConvNet,BI2015a,P300,40,0.9192386831275721,0.8868312757201646
DeepConvNet,BI2015a,P300,41,0.9148148148148149,0.8209876543209876
DeepConvNet,BI2015a,P300,42,0.865009746588694,0.851364522417154
DeepConvNet,BI2015a,P300,43,0.9588122605363985,0.9406130268199234
DeepConvNet,BI2015a,P300,5,0.9335016835016835,0.9116161616161617
DeepConvNet,BI2015a,P300,6,0.9059343434343434,0.7992424242424242
DeepConvNet,BI2015a,P300,7,0.9321895424836601,0.7949346405228758
DeepConvNet,BI2015a,P300,8,0.9351851851851852,0.8835978835978836
DeepConvNet,BI2015a,P300,9,0.9069069069069069,0.8731231231231231
DeepConvNet,Lee2019_SSVEP,SSVEP,1,0.975,0.96
DeepConvNet,Lee2019_SSVEP,SSVEP,10,1.0,1.0
DeepConvNet,Lee2019_SSVEP,SSVEP,11,1.0,1.0
DeepConvNet,Lee2019_SSVEP,SSVEP,12,0.975,0.985
DeepConvNet,Lee2019_SSVEP,SSVEP,13,0.985,0.95
DeepConvNet,Lee2019_SSVEP,SSVEP,14,0.97,0.85
DeepConvNet,Lee2019_SSVEP,SSVEP,15,1.0,0.88
DeepConvNet,Lee2019_SSVEP,SSVEP,16,1.0,1.0
DeepConvNet,Lee2019_SSVEP,SSVEP,17,0.99,0.99
DeepConvNet,Lee2019_SSVEP,SSVEP,18,0.995,0.995
DeepConvNet,Lee2019_SSVEP,SSVEP,19,0.98,0.985
DeepConvNet,Lee2019_SSVEP,SSVEP,2,0.995,0.995
DeepConvNet,Lee2019_SSVEP,SSVEP,20,0.99,0.995
DeepConvNet,Lee2019_SSVEP,SSVEP,21,0.985,0.995
DeepConvNet,Lee2019_SSVEP,SSVEP,22,0.95,0.93
DeepConvNet,Lee2019_SSVEP,SSVEP,23,0.515,0.35
DeepConvNet,Lee2019_SSVEP,SSVEP,24,0.99,0.985
DeepConvNet,Lee2019_SSVEP,SSVEP,25,0.975,0.985
DeepConvNet,Lee2019_SSVEP,SSVEP,26,0.995,0.995
DeepConvNet,Lee2019_SSVEP,SSVEP,27,1.0,1.0
DeepConvNet,Lee2019_SSVEP,SSVEP,28,0.975,0.985
DeepConvNet,Lee2019_SSVEP,SSVEP,29,0.98,0.965
DeepConvNet,Lee2019_SSVEP,SSVEP,3,0.94,0.95
DeepConvNet,Lee2019_SSVEP,SSVEP,30,0.995,0.99
DeepConvNet,Lee2019_SSVEP,SSVEP,31,1.0,1.0
DeepConvNet,Lee2019_SSVEP,SSVEP,32,0.97,0.93
DeepConvNet,Lee2019_SSVEP,SSVEP,33,0.995,0.995
DeepConvNet,Lee2019_SSVEP,SSVEP,34,0.83,0.79
DeepConvNet,Lee2019_SSVEP,SSVEP,35,0.995,0.99
DeepConvNet,Lee2019_SSVEP,SSVEP,36,1.0,1.0
DeepConvNet,Lee2019_SSVEP,SSVEP,37,0.985,0.99
DeepConvNet,Lee2019_SSVEP,SSVEP,38,0.995,1.0
DeepConvNet,Lee2019_SSVEP,SSVEP,39,1.0,1.0
DeepConvNet,Lee2019_SSVEP,SSVEP,4,1.0,1.0
DeepConvNet,Lee2019_SSVEP,SSVEP,40,0.95,0.95
DeepConvNet,Lee2019_SSVEP,SSVEP,41,0.99,0.995
DeepConvNet,Lee2019_SSVEP,SSVEP,42,0.81,0.825
DeepConvNet,Lee2019_SSVEP,SSVEP,43,1.0,1.0
DeepConvNet,Lee2019_SSVEP,SSVEP,44,0.995,0.995
DeepConvNet,Lee2019_SSVEP,SSVEP,45,0.98,0.97
DeepConvNet,Lee2019_SSVEP,SSVEP,46,1.0,0.965
DeepConvNet,Lee2019_SSVEP,SSVEP,47,0.655,0.645
DeepConvNet,Lee2019_SSVEP,SSVEP,48,0.995,0.995
DeepConvNet,Lee2019_SSVEP,SSVEP,49,1.0,1.0
DeepConvNet,Lee2019_SSVEP,SSVEP,5,0.87,0.87
DeepConvNet,Lee2019_SSVEP,SSVEP,50,,0.995
DeepConvNet,Lee2019_SSVEP,SSVEP,51,0.87,0.84
DeepConvNet,Lee2019_SSVEP,SSVEP,52,1.0,0.985
DeepConvNet,Lee2019_SSVEP,SSVEP,53,1.0,1.0
DeepConvNet,Lee2019_SSVEP,SSVEP,54,0.915,0.805
DeepConvNet,Lee2019_SSVEP,SSVEP,6,1.0,1.0
DeepConvNet,Lee2019_SSVEP,SSVEP,7,1.0,1.0
DeepConvNet,Lee2019_SSVEP,SSVEP,8,0.975,0.975
DeepConvNet,Lee2019_SSVEP,SSVEP,9,0.99,0.985
DeepConvNet,Yang2025,MI,1,0.975,0.9733333333333334
DeepConvNet,Yang2025,MI,10,0.9066666666666666,0.895
DeepConvNet,Yang2025,MI,11,0.96,0.9466666666666667
DeepConvNet,Yang2025,MI,12,0.615,0.6516666666666666
DeepConvNet,Yang2025,MI,13,0.86,0.8216666666666667
DeepConvNet,Yang2025,MI,14,0.5833333333333334,0.585
DeepConvNet,Yang2025,MI,15,0.8783333333333333,0.8366666666666667
DeepConvNet,Yang2025,MI,16,0.675,0.6716666666666666
DeepConvNet,Yang2025,MI,17,0.8433333333333334,0.84
DeepConvNet,Yang2025,MI,18,0.7066666666666667,0.7233333333333334
DeepConvNet,Yang2025,MI,19,0.8916666666666667,0.8866666666666667
DeepConvNet,Yang2025,MI,2,0.7016666666666667,0.755
DeepConvNet,Yang2025,MI,20,0.9533333333333334,0.78
DeepConvNet,Yang2025,MI,21,0.9166666666666666,0.9133333333333333
DeepConvNet,Yang2025,MI,22,0.8983333333333333,0.8516666666666667
DeepConvNet,Yang2025,MI,23,0.9833055091819699,0.9582637729549248
DeepConvNet,Yang2025,MI,24,0.9865319865319865,0.9764309764309764
DeepConvNet,Yang2025,MI,25,0.98,0.9366666666666666
DeepConvNet,Yang2025,MI,26,0.9549248747913188,0.8497495826377296
DeepConvNet,Yang2025,MI,27,0.7516666666666667,0.6816666666666666
DeepConvNet,Yang2025,MI,28,0.945,0.8866666666666667
DeepConvNet,Yang2025,MI,29,0.92,0.8133333333333334
DeepConvNet,Yang2025,MI,3,0.98,0.9683333333333334
DeepConvNet,Yang2025,MI,30,0.975,0.9616666666666667
DeepConvNet,Yang2025,MI,31,0.845,0.8266666666666667
DeepConvNet,Yang2025,MI,32,0.6961602671118531,0.5926544240400667
DeepConvNet,Yang2025,MI,33,0.975,0.9583333333333334
DeepConvNet,Yang2025,MI,34,0.8533333333333334,0.6733333333333333
DeepConvNet,Yang2025,MI,35,0.9816666666666667,0.97
DeepConvNet,Yang2025,MI,36,0.9466666666666667,0.9316666666666666
DeepConvNet,Yang2025,MI,37,0.9533333333333334,0.8683333333333333
DeepConvNet,Yang2025,MI,38,0.7133333333333334,0.6133333333333333
DeepConvNet,Yang2025,MI,39,0.83,0.7483333333333333
DeepConvNet,Yang2025,MI,4,0.575,0.5983333333333334
DeepConvNet,Yang2025,MI,40,0.9016666666666666,0.825
DeepConvNet,Yang2025,MI,41,0.9133333333333333,0.8566666666666667
DeepConvNet,Yang2025,MI,42,0.8666666666666667,0.8783333333333333
DeepConvNet,Yang2025,MI,43,1.0,0.9966666666666667
DeepConvNet,Yang2025,MI,44,0.775,0.72
DeepConvNet,Yang2025,MI,45,0.9066666666666666,0.9033333333333333
DeepConvNet,Yang2025,MI,46,0.9966666666666667,0.98
DeepConvNet,Yang2025,MI,47,0.9366666666666666,0.92
DeepConvNet,Yang2025,MI,48,0.9333333333333333,0.9066666666666666
DeepConvNet,Yang2025,MI,49,0.98,0.9483333333333334
DeepConvNet,Yang2025,MI,5,0.9066666666666666,0.91
DeepConvNet,Yang2025,MI,50,0.98,0.9666666666666667
DeepConvNet,Yang2025,MI,51,0.9366666666666666,0.8933333333333333
DeepConvNet,Yang2025,MI,6,0.9816666666666667,0.9683333333333334
DeepConvNet,Yang2025,MI,7,0.8583333333333333,0.85
DeepConvNet,Yang2025,MI,8,0.9533333333333334,0.9483333333333334
DeepConvNet,Yang2025,MI,9,0.7433333333333333,0.7783333333333333
EEGNetv4,BI2015a,P300,1,0.8472558514931396,0.8333333333333334
EEGNetv4,BI2015a,P300,10,0.9265232974910395,0.9014336917562724
EEGNetv4,BI2015a,P300,11,0.8895833333333333,0.83125
EEGNetv4,BI2015a,P300,12,0.8696236559139785,0.8342293906810035
EEGNetv4,BI2015a,P300,13,0.9364035087719298,0.8896198830409356
EEGNetv4,BI2015a,P300,14,0.886039886039886,0.8148148148148148
EEGNetv4,BI2015a,P300,15,0.9174603174603174,0.9007936507936508
EEGNetv4,BI2015a,P300,16,0.9253968253968254,0.9015873015873016
EEGNetv4,BI2015a,P300,17,0.8882716049382716,0.8623456790123457
EEGNetv4,BI2015a,P300,18,0.8962962962962963,0.8277777777777777
EEGNetv4,BI2015a,P300,19,0.8927777777777778,0.875
EEGNetv4,BI2015a,P300,2,0.9318783068783069,0.9001322751322751
EEGNetv4,BI2015a,P300,20,0.921604938271605,0.8759259259259259
EEGNetv4,BI2015a,P300,21,0.9428571428571428,0.9182539682539682
EEGNetv4,BI2015a,P300,22,0.9116161616161617,0.8794191919191919
EEGNetv4,BI2015a,P300,23,0.8771929824561403,0.875
EEGNetv4,BI2015a,P300,24,0.9359567901234568,0.9020061728395061
EEGNetv4,BI2015a,P300,25,0.8706896551724138,0.8299808429118773
EEGNetv4,BI2015a,P300,26,0.9471326164874552,0.9327956989247311
EEGNetv4,BI2015a,P300,27,0.8533755274261603,0.8396624472573839
EEGNetv4,BI2015a,P300,28,0.8816666666666667,0.8655555555555555
EEGNetv4,BI2015a,P300,29,0.8616557734204793,0.8442265795206971
EEGNetv4,BI2015a,P300,3,0.9415708812260536,0.8515325670498084
EEGNetv4,BI2015a,P300,30,0.8765432098765432,0.8786008230452675
EEGNetv4,BI2015a,P300,31,0.8407407407407408,0.8292592592592593
EEGNetv4,BI2015a,P300,32,0.9068100358422939,0.9014336917562724
EEGNetv4,BI2015a,P300,33,0.9107142857142857,0.8941798941798942
EEGNetv4,BI2015a,P300,34,0.9174603174603174,0.8873015873015873
EEGNetv4,BI2015a,P300,35,0.8409822866344605,0.8345410628019324
EEGNetv4,BI2015a,P300,36,0.9305555555555556,0.8770833333333333
EEGNetv4,BI2015a,P300,37,0.8638888888888889,0.8095238095238095
EEGNetv4,BI2015a,P300,38,0.9136636636636637,0.8648648648648649
EEGNetv4,BI2015a,P300,39,0.8939909297052154,0.8333333333333334
EEGNetv4,BI2015a,P300,4,0.9375,0.8916666666666667
EEGNetv4,BI2015a,P300,40,0.9156378600823045,0.8626543209876543
EEGNetv4,BI2015a,P300,41,0.8962962962962963,0.8074074074074075
EEGNetv4,BI2015a,P300,42,0.851364522417154,0.851364522417154
EEGNetv4,BI2015a,P300,43,0.9588122605363985,0.9319923371647509
EEGNetv4,BI2015a,P300,5,0.9267676767676768,0.877104377104377
EEGNetv4,BI2015a,P300,6,0.9046717171717171,0.8308080808080808
EEGNetv4,BI2015a,P300,7,0.9199346405228758,0.8611111111111112
EEGNetv4,BI2015a,P300,8,0.9107142857142857,0.8822751322751323
EEGNetv4,BI2015a,P300,9,0.9084084084084084,0.8558558558558559
EEGNetv4,Lee2019_SSVEP,SSVEP,1,0.95,0.95
EEGNetv4,Lee2019_SSVEP,SSVEP,10,0.99,
EEGNetv4,Lee2019_SSVEP,SSVEP,11,1.0,1.0
EEGNetv4,Lee2019_SSVEP,SSVEP,12,0.965,0.97
EEGNetv4,Lee2019_SSVEP,SSVEP,13,0.975,0.95
EEGNetv4,Lee2019_SSVEP,SSVEP,14,0.975,0.915
EEGNetv4,Lee2019_SSVEP,SSVEP,15,0.995,0.88
EEGNetv4,Lee2019_SSVEP,SSVEP,16,0.995,0.985
EEGNetv4,Lee2019_SSVEP,SSVEP,17,0.945,0.91
EEGNetv4,Lee2019_SSVEP,SSVEP,18,0.98,0.98
EEGNetv4,Lee2019_SSVEP,SSVEP,19,0.98,0.98
EEGNetv4,Lee2019_SSVEP,SSVEP,2,0.99,0.99
EEGNetv4,Lee2019_SSVEP,SSVEP,20,0.98,0.98
EEGNetv4,Lee2019_SSVEP,SSVEP,21,0.98,0.925
EEGNetv4,Lee2019_SSVEP,SSVEP,22,0.94,0.945
EEGNetv4,Lee2019_SSVEP,SSVEP,23,0.505,0.34
EEGNetv4,Lee2019_SSVEP,SSVEP,24,0.98,0.955
EEGNetv4,Lee2019_SSVEP,SSVEP,25,0.98,0.95
EEGNetv4,Lee2019_SSVEP,SSVEP,26,0.99,0.98
EEGNetv4,Lee2019_SSVEP,SSVEP,27,1.0,1.0
EEGNetv4,Lee2019_SSVEP,SSVEP,28,0.985,0.985
EEGNetv4,Lee2019_SSVEP,SSVEP,29,0.985,0.925
EEGNetv4,Lee2019_SSVEP,SSVEP,3,0.93,0.94
EEGNetv4,Lee2019_SSVEP,SSVEP,30,0.985,0.97
EEGNetv4,Lee2019_SSVEP,SSVEP,31,0.985,0.97
EEGNetv4,Lee2019_SSVEP,SSVEP,32,0.9,0.785
EEGNetv4,Lee2019_SSVEP,SSVEP,33,1.0,0.995
EEGNetv4,Lee2019_SSVEP,SSVEP,34,0.84,0.805
EEGNetv4,Lee2019_SSVEP,SSVEP,35,0.99,0.965
EEGNetv4,Lee2019_SSVEP,SSVEP,36,1.0,1.0
EEGNetv4,Lee2019_SSVEP,SSVEP,37,0.995,0.99
EEGNetv4,Lee2019_SSVEP,SSVEP,38,0.995,0.995
EEGNetv4,Lee2019_SSVEP,SSVEP,39,1.0,0.995
EEGNetv4,Lee2019_SSVEP,SSVEP,4,0.995,0.995
EEGNetv4,Lee2019_SSVEP,SSVEP,40,0.955,0.955
EEGNetv4,Lee2019_SSVEP,SSVEP,41,0.99,0.975
EEGNetv4,Lee2019_SSVEP,SSVEP,42,0.81,0.815
EEGNetv4,Lee2019_SSVEP,SSVEP,43,1.0,0.995
EEGNetv4,Lee2019_SSVEP,SSVEP,44,1.0,1.0
EEGNetv4,Lee2019_SSVEP,SSVEP,45,0.965,0.95
EEGNetv4,Lee2019_SSVEP,SSVEP,46,1.0,1.0
EEGNetv4,Lee2019_SSVEP,SSVEP,47,0.665,0.645
EEGNetv4,Lee2019_SSVEP,SSVEP,48,0.995,0.995
EEGNetv4,Lee2019_SSVEP,SSVEP,49,1.0,1.0
EEGNetv4,Lee2019_SSVEP,SSVEP,5,0.845,0.81
EEGNetv4,Lee2019_SSVEP,SSVEP,50,0.995,0.995
EEGNetv4,Lee2019_SSVEP,SSVEP,51,0.815,0.79
EEGNetv4,Lee2019_SSVEP,SSVEP,52,0.955,0.94
EEGNetv4,Lee2019_SSVEP,SSVEP,53,1.0,1.0
EEGNetv4,Lee2019_SSVEP,SSVEP,54,0.83,0.645
EEGNetv4,Lee2019_SSVEP,SSVEP,6,1.0,1.0
EEGNetv4,Lee2019_SSVEP,SSVEP,7,0.995,0.98
EEGNetv4,Lee2019_SSVEP,SSVEP,8,0.97,0.96
EEGNetv4,Lee2019_SSVEP,SSVEP,9,0.985,0.98
EEGNetv4,Yang2025,MI,1,0.95,0.9316666666666666
EEGNetv4,Yang2025,MI,10,0.8916666666666667,0.86
EEGNetv4,Yang2025,MI,11,0.9383333333333334,0.885
EEGNetv4,Yang2025,MI,12,0.615,0.6266666666666667
EEGNetv4,Yang2025,MI,13,0.8383333333333334,0.7583333333333333
EEGNetv4,Yang2025,MI,14,0.5783333333333334,0.5483333333333333
EEGNetv4,Yang2025,MI,15,0.8033333333333333,0.805
EEGNetv4,Yang2025,MI,16,0.6733333333333333,0.6166666666666667
EEGNetv4,Yang2025,MI,17,0.81,0.7916666666666666
EEGNetv4,Yang2025,MI,18,0.675,0.6966666666666667
EEGNetv4,Yang2025,MI,19,0.8666666666666667,0.8566666666666667
EEGNetv4,Yang2025,MI,2,0.655,0.7116666666666667
EEGNetv4,Yang2025,MI,20,0.925,0.78
EEGNetv4,Yang2025,MI,21,0.9,0.8633333333333333
EEGNetv4,Yang2025,MI,22,0.865,0.795
EEGNetv4,Yang2025,MI,23,0.9632721202003339,0.9415692821368948
EEGNetv4,Yang2025,MI,24,0.9831649831649831,0.9579124579124579
EEGNetv4,Yang2025,MI,25,0.94,0.9066666666666666
EEGNetv4,Yang2025,MI,26,0.9215358931552587,0.8046744574290484
EEGNetv4,Yang2025,MI,27,0.755,0.635
EEGNetv4,Yang2025,MI,28,0.8816666666666667,0.8183333333333334
EEGNetv4,Yang2025,MI,29,0.8683333333333333,0.845
EEGNetv4,Yang2025,MI,3,0.9366666666666666,0.94
EEGNetv4,Yang2025,MI,30,0.79,0.9233333333333333
EEGNetv4,Yang2025,MI,31,0.83,0.7683333333333333
EEGNetv4,Yang2025,MI,32,0.6243739565943238,0.5559265442404007
EEGNetv4,Yang2025,MI,33,0.9716666666666667,0.945
EEGNetv4,Yang2025,MI,34,0.7916666666666666,0.57
EEGNetv4,Yang2025,MI,35,0.9733333333333334,0.9533333333333334
EEGNetv4,Yang2025,MI,36,0.9416666666666667,0.9233333333333333
EEGNetv4,Yang2025,MI,37,,0.8883333333333333
EEGNetv4,Yang2025,MI,38,0.6816666666666666,0.605
EEGNetv4,Yang2025,MI,39,0.7816666666666666,0.7366666666666667
EEGNetv4,Yang2025,MI,4,0.535,0.5766666666666667
EEGNetv4,Yang2025,MI,40,0.8516666666666667,0.835
EEGNetv4,Yang2025,MI,41,0.9133333333333333,0.8716666666666667
EEGNetv4,Yang2025,MI,42,0.8016666666666666,0.815
EEGNetv4,Yang2025,MI,43,0.9983333333333333,0.9816666666666667
EEGNetv4,Yang2025,MI,44,0.7483333333333333,0.7283333333333334
EEGNetv4,Yang2025,MI,45,0.9,0.8816666666666667
EEGNetv4,Yang2025,MI,46,0.99,0.965
EEGNetv4,Yang2025,MI,47,0.9333333333333333,0.8983333333333333
EEGNetv4,Yang2025,MI,48,0.8816666666666667,0.8566666666666667
EEGNetv4,Yang2025,MI,49,0.9766666666666667,0.9366666666666666
EEGNetv4,Yang2025,MI,5,0.8866666666666667,0.8516666666666667
EEGNetv4,Yang2025,MI,50,0.9733333333333334,0.9533333333333334
EEGNetv4,Yang2025,MI,51,0.9083333333333333,0.85
EEGNetv4,Yang2025,MI,6,0.9716666666666667,0.92
EEGNetv4,Yang2025,MI,7,0.82,0.7833333333333333
EEGNetv4,Yang2025,MI,8,0.93,0.92
EEGNetv4,Yang2025,MI,9,0.7266666666666667,0.725
ShallowConvNet,BI2015a,P300,1,0.8351493139628733,0.19309927360774817
ShallowConvNet,BI2015a,P300,10,0.9050179211469535,0.8862007168458781
ShallowConvNet,BI2015a,P300,11,0.8569444444444444,0.8368055555555556
ShallowConvNet,BI2015a,P300,12,0.8593189964157706,0.8333333333333334
ShallowConvNet,BI2015a,P300,13,0.9261695906432749,0.8757309941520468
ShallowConvNet,BI2015a,P300,14,0.8611111111111112,0.7863247863247863
ShallowConvNet,BI2015a,P300,15,0.9087301587301587,0.8817460317460317
ShallowConvNet,BI2015a,P300,16,0.9063492063492063,0.8865079365079365
ShallowConvNet,BI2015a,P300,17,0.8709876543209877,0.8641975308641975
ShallowConvNet,BI2015a,P300,18,0.8518518518518519,0.841358024691358
ShallowConvNet,BI2015a,P300,19,0.8755555555555555,0.8522222222222222
ShallowConvNet,BI2015a,P300,2,0.9173280423280423,0.8895502645502645
ShallowConvNet,BI2015a,P300,20,0.8932098765432098,0.8746913580246913
ShallowConvNet,BI2015a,P300,21,0.9134920634920635,0.9023809523809524
ShallowConvNet,BI2015a,P300,22,0.889520202020202,0.851010101010101
ShallowConvNet,BI2015a,P300,23,0.8720760233918129,0.8603801169590644
ShallowConvNet,BI2015a,P300,24,0.9135802469135802,0.8765432098765432
ShallowConvNet,BI2015a,P300,25,0.85727969348659,0.8089080459770115
ShallowConvNet,BI2015a,P300,26,0.9265232974910395,0.9139784946236559
ShallowConvNet,BI2015a,P300,27,0.8248945147679325,0.820675105485232
ShallowConvNet,BI2015a,P300,28,0.86,0.8661111111111112
ShallowConvNet,BI2015a,P300,29,0.8502178649237473,0.8300653594771242
ShallowConvNet,BI2015a,P300,3,0.9434865900383141,0.8132183908045977
ShallowConvNet,BI2015a,P300,30,0.904320987654321,0.8652263374485597
ShallowConvNet,BI2015a,P300,31,0.8392592592592593,0.8296296296296296
ShallowConvNet,BI2015a,P300,32,0.8969534050179212,0.8835125448028673
ShallowConvNet,BI2015a,P300,33,0.8935185185185185,0.8895502645502645
ShallowConvNet,BI2015a,P300,34,0.8857142857142857,0.8547619047619047
ShallowConvNet,BI2015a,P300,35,0.8305152979066023,0.8421900161030595
ShallowConvNet,BI2015a,P300,36,0.8965277777777778,0.8631944444444445
ShallowConvNet,BI2015a,P300,37,0.8337301587301588,0.776984126984127
ShallowConvNet,BI2015a,P300,38,0.9031531531531531,0.8581081081081081
ShallowConvNet,BI2015a,P300,39,0.8747165532879818,0.8316326530612245
ShallowConvNet,BI2015a,P300,4,0.9145833333333333,0.8902777777777777
ShallowConvNet,BI2015a,P300,40,0.8935185185185185,0.8621399176954733
ShallowConvNet,BI2015a,P300,41,0.8740740740740741,0.8246913580246914
ShallowConvNet,BI2015a,P300,42,0.8352826510721247,0.8328460038986355
ShallowConvNet,BI2015a,P300,43,0.9406130268199234,0.9176245210727969
ShallowConvNet,BI2015a,P300,5,0.9166666666666666,0.9074074074074074
ShallowConvNet,BI2015a,P300,6,0.8800505050505051,0.8017676767676768
ShallowConvNet,BI2015a,P300,7,0.8913398692810458,0.8341503267973857
ShallowConvNet,BI2015a,P300,8,0.8928571428571429,0.8564814814814815
ShallowConvNet,BI2015a,P300,9,0.8941441441441441,0.8573573573573574
ShallowConvNet,Lee2019_SSVEP,SSVEP,1,0.94,0.92
ShallowConvNet,Lee2019_SSVEP,SSVEP,10,0.98,0.935
ShallowConvNet,Lee2019_SSVEP,SSVEP,11,1.0,1.0
ShallowConvNet,Lee2019_SSVEP,SSVEP,12,0.965,0.955
ShallowConvNet,Lee2019_SSVEP,SSVEP,13,0.93,0.815
ShallowConvNet,Lee2019_SSVEP,SSVEP,14,0.915,0.865
ShallowConvNet,Lee2019_SSVEP,SSVEP,15,0.95,0.84
ShallowConvNet,Lee2019_SSVEP,SSVEP,16,0.98,0.96
ShallowConvNet,Lee2019_SSVEP,SSVEP,17,0.94,0.81
ShallowConvNet,Lee2019_SSVEP,SSVEP,18,0.975,0.96
ShallowConvNet,Lee2019_SSVEP,SSVEP,19,0.9,0.77
ShallowConvNet,Lee2019_SSVEP,SSVEP,2,0.99,0.965
ShallowConvNet,Lee2019_SSVEP,SSVEP,20,0.92,0.89
ShallowConvNet,Lee2019_SSVEP,SSVEP,21,0.975,0.955
ShallowConvNet,Lee2019_SSVEP,SSVEP,22,0.865,0.84
ShallowConvNet,Lee2019_SSVEP,SSVEP,23,0.51,0.355
ShallowConvNet,Lee2019_SSVEP,SSVEP,24,0.935,0.785
ShallowConvNet,Lee2019_SSVEP,SSVEP,25,0.895,0.855
ShallowConvNet,Lee2019_SSVEP,SSVEP,26,0.98,0.95
ShallowConvNet,Lee2019_SSVEP,SSVEP,27,0.98,0.96
ShallowConvNet,Lee2019_SSVEP,SSVEP,28,0.975,0.95
ShallowConvNet,Lee2019_SSVEP,SSVEP,29,0.925,0.875
ShallowConvNet,Lee2019_SSVEP,SSVEP,3,0.92,0.915
ShallowConvNet,Lee2019_SSVEP,SSVEP,30,0.995,0.985
ShallowConvNet,Lee2019_SSVEP,SSVEP,31,0.995,0.97
ShallowConvNet,Lee2019_SSVEP,SSVEP,32,0.765,0.395
ShallowConvNet,Lee2019_SSVEP,SSVEP,33,0.97,0.965
ShallowConvNet,Lee2019_SSVEP,SSVEP,34,0.725,0.695
ShallowConvNet,Lee2019_SSVEP,SSVEP,35,0.915,0.815
ShallowConvNet,Lee2019_SSVEP,SSVEP,36,1.0,0.99
ShallowConvNet,Lee2019_SSVEP,SSVEP,37,0.975,0.955
ShallowConvNet,Lee2019_SSVEP,SSVEP,38,0.94,0.915
ShallowConvNet,Lee2019_SSVEP,SSVEP,39,0.985,0.975
ShallowConvNet,Lee2019_SSVEP,SSVEP,4,0.99,0.975
ShallowConvNet,Lee2019_SSVEP,SSVEP,40,0.885,0.855
ShallowConvNet,Lee2019_SSVEP,SSVEP,41,0.985,0.985
ShallowConvNet,Lee2019_SSVEP,SSVEP,42,0.785,0.815
ShallowConvNet,Lee2019_SSVEP,SSVEP,43,0.995,0.99
ShallowConvNet,Lee2019_SSVEP,SSVEP,44,0.995,0.99
ShallowConvNet,Lee2019_SSVEP,SSVEP,45,0.915,0.89
ShallowConvNet,Lee2019_SSVEP,SSVEP,46,0.955,0.945
ShallowConvNet,Lee2019_SSVEP,SSVEP,47,0.63,0.59
ShallowConvNet,Lee2019_SSVEP,SSVEP,48,0.995,0.995
ShallowConvNet,Lee2019_SSVEP,SSVEP,49,0.965,0.945
ShallowConvNet,Lee2019_SSVEP,SSVEP,5,0.735,0.735
ShallowConvNet,Lee2019_SSVEP,SSVEP,50,0.93,0.865
ShallowConvNet,Lee2019_SSVEP,SSVEP,51,0.775,0.68
ShallowConvNet,Lee2019_SSVEP,SSVEP,52,0.97,0.885
ShallowConvNet,Lee2019_SSVEP,SSVEP,53,0.98,0.94
ShallowConvNet,Lee2019_SSVEP,SSVEP,54,0.785,0.57
ShallowConvNet,Lee2019_SSVEP,SSVEP,6,0.995,0.965
ShallowConvNet,Lee2019_SSVEP,SSVEP,7,0.99,0.99
ShallowConvNet,Lee2019_SSVEP,SSVEP,8,0.945,0.86
ShallowConvNet,Lee2019_SSVEP,SSVEP,9,0.92,0.785
ShallowConvNet,Yang2025,MI,1,0.9366666666666666,0.9333333333333333
ShallowConvNet,Yang2025,MI,10,0.8583333333333333,0.8316666666666667
ShallowConvNet,Yang2025,MI,11,0.935,0.9066666666666666
ShallowConvNet,Yang2025,MI,12,0.58,0.625
ShallowConvNet,Yang2025,MI,13,0.7983333333333333,0.7783333333333333
ShallowConvNet,Yang2025,MI,14,0.5533333333333333,0.5666666666666667
ShallowConvNet,Yang2025,MI,15,0.8066666666666666,0.7966666666666666
ShallowConvNet,Yang2025,MI,16,0.6633333333333333,0.6366666666666667
ShallowConvNet,Yang2025,MI,17,0.8116666666666666,0.8166666666666667
ShallowConvNet,Yang2025,MI,18,0.73,0.6933333333333334
ShallowConvNet,Yang2025,MI,19,0.8816666666666667,0.855
ShallowConvNet,Yang2025,MI,2,0.7133333333333334,0.7083333333333334
ShallowConvNet,Yang2025,MI,20,0.8983333333333333,0.805
ShallowConvNet,Yang2025,MI,21,0.885,0.8816666666666667
ShallowConvNet,Yang2025,MI,22,0.83,0.795
ShallowConvNet,Yang2025,MI,23,0.9565943238731218,0.9499165275459098
ShallowConvNet,Yang2025,MI,24,0.9612794612794613,0.9461279461279462
ShallowConvNet,Yang2025,MI,25,0.9483333333333334,0.92
ShallowConvNet,Yang2025,MI,26,0.9131886477462438,0.8330550918196995
ShallowConvNet,Yang2025,MI,27,0.7016666666666667,0.6166666666666667
ShallowConvNet,Yang2025,MI,28,0.8983333333333333,0.7816666666666666
ShallowConvNet,Yang2025,MI,29,0.9133333333333333,0.8016666666666666
ShallowConvNet,Yang2025,MI,3,0.9566666666666667,0.95
ShallowConvNet,Yang2025,MI,30,0.9566666666666667,0.9116666666666666
ShallowConvNet,Yang2025,MI,31,0.7933333333333333,0.7383333333333333
ShallowConvNet,Yang2025,MI,32,0.7078464106844741,0.5893155258764607
ShallowConvNet,Yang2025,MI,33,0.9766666666666667,0.9483333333333334
ShallowConvNet,Yang2025,MI,34,0.82,0.615
ShallowConvNet,Yang2025,MI,35,,0.9333333333333333
ShallowConvNet,Yang2025,MI,36,0.9383333333333334,0.9183333333333333
ShallowConvNet,Yang2025,MI,37,0.9133333333333333,0.88
ShallowConvNet,Yang2025,MI,38,0.6616666666666666,0.6133333333333333
ShallowConvNet,Yang2025,MI,39,0.8,0.7333333333333333
ShallowConvNet,Yang2025,MI,4,0.5883333333333334,0.5966666666666667
ShallowConvNet,Yang2025,MI,40,0.8333333333333334,0.815
ShallowConvNet,Yang2025,MI,41,0.9083333333333333,
ShallowConvNet,Yang2025,MI,42,0.8066666666666666,0.8416666666666667
ShallowConvNet,Yang2025,MI,43,0.995,0.9916666666666667
ShallowConvNet,Yang2025,MI,44,0.7583333333333333,0.76
ShallowConvNet,Yang2025,MI,45,0.88,0.8766666666666667
ShallowConvNet,Yang2025,MI,46,0.9916666666666667,0.96
ShallowConvNet,Yang2025,MI,47,0.9083333333333333,0.9016666666666666
ShallowConvNet,Yang2025,MI,48,0.9033333333333333,0.8766666666666667
ShallowConvNet,Yang2025,MI,49,0.9566666666666667,0.9533333333333334
ShallowConvNet,Yang2025,MI,5,0.8983333333333333,0.88
ShallowConvNet,Yang2025,MI,50,0.9566666666666667,0.9516666666666667
ShallowConvNet,Yang2025,MI,51,0.8833333333333333,0.85
ShallowConvNet,Yang2025,MI,6,0.97,0.925
ShallowConvNet,Yang2025,MI,7,0.8133333333333334,0.805
ShallowConvNet,Yang2025,MI,8,0.9366666666666666,0.9133333333333333
ShallowConvNet,Yang2025,MI,9,0.7333333333333333,0.7283333333333334
