dataset,model,num_pretrain_subjects,mean_accuracy,sem_accuracy
BI2015a,ATCNet,5,0.8066520475146379,0.009366156429289141
BI2015a,ATCNet,10,0.8129550434971142,0.009261671087113843
BI2015a,ATCNet,15,0.8213001962405098,0.009307944758440642
BI2015a,ATCNet,20,0.822847158893549,0.009170889551597198
BI2015a,ATCNet,25,0.8235571999978378,0.008978103238041294
BI2015a,ATCNet,30,0.8257230858355015,0.00907064661608848
BI2015a,ATCNet,35,0.8268947500194935,0.009009025141023813
BI2015a,DeepConvNet,5,0.8067185919514944,0.008934776866984991
BI2015a,DeepConvNet,10,0.8222546053828125,0.009454158675069041
BI2015a,DeepConvNet,15,0.8219569557085666,0.009701897714923004
BI2015a,DeepConvNet,20,0.8276644863249856,0.009821950412709305
BI2015a,DeepConvNet,25,0.8295526066177716,0.009535139473248702
BI2015a,DeepConvNet,30,0.8307885343330215,0.009088970188520994
BI2015a,DeepConvNet,35,0.8324321374044732,0.009473313421988042
BI2015a,EEGNetv4,5,0.802189523907786,0.009443511993223795
BI2015a,EEGNetv4,10,0.8028588748023542,0.009576887166856275
BI2015a,EEGNetv4,15,0.8069038924334183,0.00922227084959601
BI2015a,EEGNetv4,20,0.8083940001143535,0.009223622948085092
BI2015a,EEGNetv4,25,0.8079861397268775,0.008981607859379483
BI2015a,EEGNetv4,30,0.807422503241468,0.009099685810821954
BI2015a,EEGNetv4,35,0.807011449628396,0.009573207349237122
BI2015a,ShallowConvNet,5,0.7032617352777121,0.010592916948887095
BI2015a,ShallowConvNet,10,0.7269948362031703,0.010543652426976474
BI2015a,ShallowConvNet,15,0.7407905633596403,0.010694020573795284
BI2015a,ShallowConvNet,20,0.7460834719499169,0.011066460850991137
BI2015a,ShallowConvNet,25,0.7540381792146168,0.010898637611561336
BI2015a,ShallowConvNet,30,0.7577817643947187,0.010708240746861325
BI2015a,ShallowConvNet,35,0.7550587025529638,0.010834272876909913
BNCI2014_001,ATCNet,2,0.6543209876543209,0.040979255611295735
BNCI2014_001,ATCNet,4,0.708912037037037,0.03775016046680073
BNCI2014_001,ATCNet,7,0.7671682098765432,0.030989629862541116
BNCI2014_001,DeepConvNet,2,0.45543981481481477,0.03061391820300131
BNCI2014_001,DeepConvNet,4,0.5812114197530864,0.027933737312113214
BNCI2014_001,DeepConvNet,7,0.7025462962962963,0.02885405292203218
BNCI2014_001,EEGNetv4,2,0.6340663580246914,0.03790705591309102
BNCI2014_001,EEGNetv4,4,0.6950231481481481,0.03695896538575067
BNCI2014_001,EEGNetv4,7,0.7258873456790124,0.037425449547838885
BNCI2014_001,ShallowConvNet,2,0.6107253086419753,0.04959981785501791
BNCI2014_001,ShallowConvNet,4,0.6383101851851852,0.04579992878747286
BNCI2014_001,ShallowConvNet,7,0.6766975308641975,0.043360104193146565
Huebner2017,ATCNet,3,0.9461719890880895,0.012820472647397907
Huebner2017,ATCNet,7,0.9495502602450665,0.012379168460863671
Huebner2017,ATCNet,10,0.95134326929034,0.012040470482406827
Huebner2017,DeepConvNet,3,0.9377501123881042,0.01405952213174543
Huebner2017,DeepConvNet,7,0.9395140721814887,0.013316857447315656
Huebner2017,DeepConvNet,10,0.9390392508576952,0.013743281566501911
Huebner2017,EEGNetv4,3,0.9418920237747085,0.013582087667430465
Huebner2017,EEGNetv4,7,0.9439319016480989,0.013658650650314337
Huebner2017,EEGNetv4,10,0.9447591263332308,0.013475726553115405
Huebner2017,ShallowConvNet,3,0.9280911132687213,0.016440759235413143
Huebner2017,ShallowConvNet,7,0.9334513211597285,0.015948652339390166
Huebner2017,ShallowConvNet,10,0.9359243589113645,0.015472320242079377
Huebner2018,ATCNet,3,0.9379253960438391,0.009015799652054684
Huebner2018,ATCNet,6,0.9405813146384938,0.008481863752842836
Huebner2018,ATCNet,9,0.9424049631661345,0.00826347781064026
Huebner2018,DeepConvNet,3,0.9312031903704164,0.009499916210038284
Huebner2018,DeepConvNet,6,0.9304302577064246,0.009514344915316367
Huebner2018,DeepConvNet,9,0.930722730333236,0.009601232950472273
Huebner2018,EEGNetv4,3,0.931243962129887,0.00962794336973845
Huebner2018,EEGNetv4,6,0.9323305966531522,0.009644254711138733
Huebner2018,EEGNetv4,9,0.9350985995874671,0.009434725037801961
Huebner2018,ShallowConvNet,3,0.9176002228378354,0.011228026072733516
Huebner2018,ShallowConvNet,6,0.9233558627072872,0.010482183543993785
Huebner2018,ShallowConvNet,9,0.9256360449354349,0.010224196699240682
Kalunga2016,ATCNet,3,0.3282552083333333,0.027342368967649817
Kalunga2016,ATCNet,6,0.4868489583333333,0.04015308025923748
Kalunga2016,ATCNet,9,0.6046440972222222,0.053958337078454134
Kalunga2016,DeepConvNet,3,0.2526041666666667,0.007153383015974491
Kalunga2016,DeepConvNet,6,0.2693142361111111,0.008851255261956585
Kalunga2016,DeepConvNet,9,0.29483506944444443,0.012809596261439519
Kalunga2016,EEGNetv4,3,0.2565104166666667,0.020305062498116054
Kalunga2016,EEGNetv4,6,0.37005208333333334,0.03300125707235149
Kalunga2016,EEGNetv4,9,0.4556423611111111,0.04759986994023587
Kalunga2016,ShallowConvNet,3,0.3704427083333333,0.029740693431425554
Kalunga2016,ShallowConvNet,6,0.4647135416666666,0.029502801110044743
Kalunga2016,ShallowConvNet,9,0.49301215277777777,0.03808922488528383
Lee2019_MI,ATCNet,5,0.6912962962962963,0.0159665231023782
Lee2019_MI,ATCNet,10,0.7238888888888888,0.016047550469692726
Lee2019_MI,ATCNet,15,0.7452777777777777,0.015909101875293062
Lee2019_MI,ATCNet,20,0.7612962962962962,0.015046042302860763
Lee2019_MI,ATCNet,25,0.7580555555555556,0.015819350919007987
Lee2019_MI,ATCNet,30,0.7782407407407407,0.01547080691678084
Lee2019_MI,ATCNet,35,0.7912962962962963,0.015435776407816676
Lee2019_MI,ATCNet,40,0.7980555555555555,0.01461025019185264
Lee2019_MI,DeepConvNet,5,0.6832407407407408,0.01214945755117037
Lee2019_MI,DeepConvNet,10,0.707037037037037,0.012793390233118719
Lee2019_MI,DeepConvNet,15,0.7607407407407407,0.01175350090388747
Lee2019_MI,DeepConvNet,20,0.7888888888888889,0.012199330573180211
Lee2019_MI,DeepConvNet,25,0.8095370370370369,0.012404258442458845
Lee2019_MI,DeepConvNet,30,0.8300925925925926,0.011458528769624122
Lee2019_MI,DeepConvNet,35,0.8424074074074075,0.011862493039116517
Lee2019_MI,DeepConvNet,40,0.8425925925925926,0.01207632142444106
Lee2019_MI,EEGNetv4,5,0.6585185185185186,0.011384449431021154
Lee2019_MI,EEGNetv4,10,0.7058333333333334,0.012045910023236543
Lee2019_MI,EEGNetv4,15,0.7489814814814815,0.011890911407564358
Lee2019_MI,EEGNetv4,20,0.755462962962963,0.012787756006345357
Lee2019_MI,EEGNetv4,25,0.774074074074074,0.012180274457102791
Lee2019_MI,EEGNetv4,30,0.7855555555555556,0.012161321495125577
Lee2019_MI,EEGNetv4,35,0.7991666666666667,0.012893525967701946
Lee2019_MI,EEGNetv4,40,0.808425925925926,0.012277953797039816
Lee2019_MI,ShallowConvNet,5,0.6773148148148148,0.012465685228974155
Lee2019_MI,ShallowConvNet,10,0.7025925925925925,0.012342466970925411
Lee2019_MI,ShallowConvNet,15,0.7283333333333333,0.012734179562911039
Lee2019_MI,ShallowConvNet,20,0.7389814814814815,0.012970953162909655
Lee2019_MI,ShallowConvNet,25,0.7564814814814815,0.013147040828953474
Lee2019_MI,ShallowConvNet,30,0.7723148148148148,0.01210808602058198
Lee2019_MI,ShallowConvNet,35,0.7867592592592593,0.012109849390507974
Lee2019_MI,ShallowConvNet,40,0.7934259259259259,0.012061906524053518
Lee2019_SSVEP,ATCNet,5,0.925,0.012807367071057282
Lee2019_SSVEP,ATCNet,10,0.9411111111111111,0.012103723248185653
Lee2019_SSVEP,ATCNet,15,0.9476851851851852,0.01127038332238327
Lee2019_SSVEP,ATCNet,20,0.949537037037037,0.012523401238899532
Lee2019_SSVEP,ATCNet,25,0.9522222222222223,0.012539014353968151
Lee2019_SSVEP,ATCNet,30,0.952962962962963,0.013201998952971925
Lee2019_SSVEP,ATCNet,35,0.957037037037037,0.01148900251849546
Lee2019_SSVEP,ATCNet,40,0.9573148148148148,0.011408274366485765
Lee2019_SSVEP,DeepConvNet,5,0.9133333333333333,0.016919982686634253
Lee2019_SSVEP,DeepConvNet,10,0.945462962962963,0.013381248103696923
Lee2019_SSVEP,DeepConvNet,15,0.9545370370370371,0.012842286701244257
Lee2019_SSVEP,DeepConvNet,20,0.9562962962962963,0.013153388194114324
Lee2019_SSVEP,DeepConvNet,25,0.9612962962962962,0.01154033517146544
Lee2019_SSVEP,DeepConvNet,30,0.9581481481481482,0.013791458871740393
Lee2019_SSVEP,DeepConvNet,35,0.9608333333333333,0.012679011693590534
Lee2019_SSVEP,DeepConvNet,40,0.9610185185185186,0.012599277062128943
Lee2019_SSVEP,EEGNetv4,5,0.9383333333333334,0.013694658657711155
Lee2019_SSVEP,EEGNetv4,10,0.950925925925926,0.012228943792642687
Lee2019_SSVEP,EEGNetv4,15,0.9463888888888888,0.01279809932676819
Lee2019_SSVEP,EEGNetv4,20,0.9497222222222221,0.012862097598129407
Lee2019_SSVEP,EEGNetv4,25,0.9491666666666667,0.013646575967597616
Lee2019_SSVEP,EEGNetv4,30,0.9487037037037036,0.013605827399466008
Lee2019_SSVEP,EEGNetv4,35,0.9501851851851852,0.012852277777768463
Lee2019_SSVEP,EEGNetv4,40,0.9496296296296296,0.012665295531446527
Lee2019_SSVEP,ShallowConvNet,5,0.7613888888888889,0.019522790649995927
Lee2019_SSVEP,ShallowConvNet,10,0.8712037037037037,0.015664266278255085
Lee2019_SSVEP,ShallowConvNet,15,0.8931481481481481,0.014768358327590395
Lee2019_SSVEP,ShallowConvNet,20,0.9096296296296296,0.015680383314571465
Lee2019_SSVEP,ShallowConvNet,25,0.9217592592592593,0.01458136848542983
Lee2019_SSVEP,ShallowConvNet,30,0.9225,0.014897594766917016
Lee2019_SSVEP,ShallowConvNet,35,0.9258333333333333,0.014804662183311865
Lee2019_SSVEP,ShallowConvNet,40,0.9317592592592592,0.01334391443843639
MAMEM2,ATCNet,3,0.20179999999999998,0.014654220308140118
MAMEM2,ATCNet,5,0.22686666666666663,0.010637483225966379
MAMEM2,ATCNet,8,0.2056666666666666,0.012074767078498857
MAMEM2,DeepConvNet,3,0.2022,0.009340235543068499
MAMEM2,DeepConvNet,5,0.20173333333333332,0.008273832020067626
MAMEM2,DeepConvNet,8,0.1849333333333333,0.009117179550878825
MAMEM2,EEGNetv4,3,0.18613333333333332,0.01199333148045196
MAMEM2,EEGNetv4,5,0.20739999999999995,0.010374922281428377
MAMEM2,EEGNetv4,8,0.215,0.013637366966455722
MAMEM2,ShallowConvNet,3,0.2036666666666666,0.011568048802041755
MAMEM2,ShallowConvNet,5,0.22193333333333332,0.012176257001554343
MAMEM2,ShallowConvNet,8,0.19146666666666662,0.009041905185452682
Yang2025,ATCNet,5,0.7521239180118924,0.015055937430958703
Yang2025,ATCNet,10,0.7767991152578942,0.015386558593527729
Yang2025,ATCNet,15,0.7877194251702053,0.015943521495346925
Yang2025,ATCNet,20,0.7925572220807291,0.01567587804603284
Yang2025,ATCNet,25,0.7950100827027139,0.0153328000890122
Yang2025,ATCNet,30,0.7983102968800029,0.01601597328870967
Yang2025,ATCNet,35,0.7956971392802767,0.01530002171634703
Yang2025,ATCNet,40,0.8027252186035807,0.015467010218581018
Yang2025,DeepConvNet,5,0.8445275920079385,0.016956157141072153
Yang2025,DeepConvNet,10,0.8607054812240278,0.0166500794605418
Yang2025,DeepConvNet,15,0.8655717063907644,0.01674616528446257
Yang2025,DeepConvNet,20,0.8736084075174603,0.016404697580431594
Yang2025,DeepConvNet,25,0.8776302012962872,0.016139582454450584
Yang2025,DeepConvNet,30,0.8820112639347006,0.01605678765185061
Yang2025,DeepConvNet,35,0.884070415354466,0.01572265579925373
Yang2025,DeepConvNet,40,0.8876679190159081,0.015678173814074492
Yang2025,EEGNetv4,5,0.8213154555157507,0.01669543446558877
Yang2025,EEGNetv4,10,0.8282743847480196,0.016887891263065443
Yang2025,EEGNetv4,15,0.8355001243917549,0.016912419895174582
Yang2025,EEGNetv4,20,0.840959708508628,0.016678697487768047
Yang2025,EEGNetv4,25,0.8521377144163323,0.016034848128103123
Yang2025,EEGNetv4,30,0.8524979566180068,0.016202899768760798
Yang2025,EEGNetv4,35,0.8587089694210912,0.0157122827265284
Yang2025,EEGNetv4,40,0.8612579890289342,0.016145371394664754
Yang2025,ShallowConvNet,5,0.8170591500617334,0.016191259409669888
Yang2025,ShallowConvNet,10,0.8288313419708998,0.016060904281205296
Yang2025,ShallowConvNet,15,0.836086464022062,0.016124038830502216
Yang2025,ShallowConvNet,20,0.8414471456114808,0.016449276161863938
Yang2025,ShallowConvNet,25,0.8488979044461888,0.015635956828201826
Yang2025,ShallowConvNet,30,0.8524959752494983,0.015987939257285637
Yang2025,ShallowConvNet,35,0.8584119893996909,0.01581387907537884
Yang2025,ShallowConvNet,40,0.858413529883646,0.016212969984730385
