model,dataset,paradigm,subject_id,CFT-only,PRE+CFT,PRE-ZS
ATCNet,BI2015a,P300,1,0.6957043198873265,0.7414999669901631,0.4998789639312515
ATCNet,BI2015a,P300,10,0.8026881720430108,0.8758064516129032,0.771505376344086
ATCNet,BI2015a,P300,11,0.7141666666666666,0.8283333333333334,0.5533333333333333
ATCNet,BI2015a,P300,12,0.7118279569892473,0.7564516129032258,0.5037634408602151
ATCNet,BI2015a,P300,13,0.8592105263157894,0.8837719298245614,0.7315789473684211
ATCNet,BI2015a,P300,14,0.7072649572649573,0.7773504273504273,0.5017094017094017
ATCNet,BI2015a,P300,15,0.7623809523809524,0.8657142857142857,0.8338095238095238
ATCNet,BI2015a,P300,16,0.7895238095238095,0.8761904761904762,0.759047619047619
ATCNet,BI2015a,P300,17,0.7218518518518519,0.7862962962962963,0.6085185185185186
ATCNet,BI2015a,P300,18,0.767037037037037,0.7859259259259259,0.5888888888888889
ATCNet,BI2015a,P300,19,0.7133333333333334,0.8246666666666667,0.7373333333333334
ATCNet,BI2015a,P300,2,0.7805555555555556,0.8996031746031746,0.8392857142857143
ATCNet,BI2015a,P300,20,0.7555555555555555,0.8770370370370371,0.6659259259259259
ATCNet,BI2015a,P300,21,0.8238095238095238,0.8857142857142857,0.8576190476190476
ATCNet,BI2015a,P300,22,0.7598484848484848,0.8568181818181818,0.753030303030303
ATCNet,BI2015a,P300,23,0.7127192982456141,0.7925438596491228,0.6929824561403508
ATCNet,BI2015a,P300,24,0.799074074074074,0.8856481481481482,0.8208333333333333
ATCNet,BI2015a,P300,25,0.7066091954022988,0.7603448275862068,0.5620689655172414
ATCNet,BI2015a,P300,26,0.8096774193548387,0.910752688172043,0.825268817204301
ATCNet,BI2015a,P300,27,0.670253164556962,0.7234177215189874,0.5248945147679325
ATCNet,BI2015a,P300,28,0.6896666666666667,0.7823333333333333,0.6133333333333333
ATCNet,BI2015a,P300,29,0.707516339869281,0.7588235294117647,0.5973856209150327
ATCNet,BI2015a,P300,3,0.8293103448275863,0.9109195402298852,0.7833333333333333
ATCNet,BI2015a,P300,30,0.6808641975308642,0.7839506172839505,0.8277777777777777
ATCNet,BI2015a,P300,31,0.6788888888888889,0.7146666666666667,0.5275555555555556
ATCNet,BI2015a,P300,32,0.7564516129032258,0.8198924731182795,0.7311827956989247
ATCNet,BI2015a,P300,33,0.7571428571428571,0.8400793650793651,0.7662698412698412
ATCNet,BI2015a,P300,34,0.7419047619047618,0.8466666666666667,0.7647619047619048
ATCNet,BI2015a,P300,35,0.6166666666666667,0.6845410628019324,0.5
ATCNet,BI2015a,P300,36,0.7104166666666667,0.8791666666666667,0.8183333333333334
ATCNet,BI2015a,P300,37,0.6947619047619047,0.7480952380952381,0.530952380952381
ATCNet,BI2015a,P300,38,0.7815315315315315,0.8418918918918918,0.686036036036036
ATCNet,BI2015a,P300,39,0.7639455782312925,0.801700680272109,0.5
ATCNet,BI2015a,P300,4,0.7795833333333333,0.8854166666666667,0.7091666666666666
ATCNet,BI2015a,P300,40,0.7734567901234568,0.8444444444444444,0.5996913580246913
ATCNet,BI2015a,P300,41,0.7733333333333333,0.7833333333333333,0.6037037037037036
ATCNet,BI2015a,P300,42,0.6494152046783626,0.7488304093567251,0.6350877192982456
ATCNet,BI2015a,P300,43,0.8580459770114942,0.9235632183908046,0.8896551724137931
ATCNet,BI2015a,P300,5,0.8035353535353535,0.8646464646464647,0.7712121212121212
ATCNet,BI2015a,P300,6,0.7609848484848485,0.8075757575757576,0.6287878787878788
ATCNet,BI2015a,P300,7,0.7284313725490196,0.8563725490196079,0.5024509803921569
ATCNet,BI2015a,P300,8,0.7948412698412699,0.8535714285714285,0.7869047619047619
ATCNet,BI2015a,P300,9,0.7864864864864864,0.8036036036036036,0.6162162162162163
ATCNet,Lee2019_SSVEP,SSVEP,1,0.425,0.96,0.95
ATCNet,Lee2019_SSVEP,SSVEP,10,0.445,1.0,1.0
ATCNet,Lee2019_SSVEP,SSVEP,11,0.7449999999999999,1.0,1.0
ATCNet,Lee2019_SSVEP,SSVEP,12,0.6900000000000001,0.975,0.965
ATCNet,Lee2019_SSVEP,SSVEP,13,0.5,0.995,0.97
ATCNet,Lee2019_SSVEP,SSVEP,14,0.26,0.915,0.8049999999999999
ATCNet,Lee2019_SSVEP,SSVEP,15,0.585,0.995,0.7350000000000001
ATCNet,Lee2019_SSVEP,SSVEP,16,0.6499999999999999,1.0,1.0
ATCNet,Lee2019_SSVEP,SSVEP,17,0.445,0.99,0.92
ATCNet,Lee2019_SSVEP,SSVEP,18,0.635,0.975,0.98
ATCNet,Lee2019_SSVEP,SSVEP,19,0.36,0.985,0.98
ATCNet,Lee2019_SSVEP,SSVEP,2,0.5900000000000001,0.99,0.985
ATCNet,Lee2019_SSVEP,SSVEP,20,0.405,0.98,0.98
ATCNet,Lee2019_SSVEP,SSVEP,21,0.65,0.97,0.965
ATCNet,Lee2019_SSVEP,SSVEP,22,0.375,0.925,0.8949999999999999
ATCNet,Lee2019_SSVEP,SSVEP,23,0.295,0.59,0.395
ATCNet,Lee2019_SSVEP,SSVEP,24,0.39,0.97,0.93
ATCNet,Lee2019_SSVEP,SSVEP,25,0.6599999999999999,0.97,0.97
ATCNet,Lee2019_SSVEP,SSVEP,26,0.615,1.0,0.995
ATCNet,Lee2019_SSVEP,SSVEP,27,0.645,0.995,1.0
ATCNet,Lee2019_SSVEP,SSVEP,28,0.44,0.98,0.97
ATCNet,Lee2019_SSVEP,SSVEP,29,0.41,0.965,0.935
ATCNet,Lee2019_SSVEP,SSVEP,3,0.4,0.93,0.91
ATCNet,Lee2019_SSVEP,SSVEP,30,0.7,1.0,0.99
ATCNet,Lee2019_SSVEP,SSVEP,31,0.77,1.0,1.0
ATCNet,Lee2019_SSVEP,SSVEP,32,0.435,0.975,0.925
ATCNet,Lee2019_SSVEP,SSVEP,33,0.47,1.0,0.99
ATCNet,Lee2019_SSVEP,SSVEP,34,0.325,0.855,0.835
ATCNet,Lee2019_SSVEP,SSVEP,35,0.445,0.985,0.945
ATCNet,Lee2019_SSVEP,SSVEP,36,0.81,1.0,1.0
ATCNet,Lee2019_SSVEP,SSVEP,37,0.635,0.985,0.985
ATCNet,Lee2019_SSVEP,SSVEP,38,0.43,0.995,0.995
ATCNet,Lee2019_SSVEP,SSVEP,39,0.51,1.0,1.0
ATCNet,Lee2019_SSVEP,SSVEP,4,0.735,1.0,1.0
ATCNet,Lee2019_SSVEP,SSVEP,40,0.3799999999999999,0.925,0.915
ATCNet,Lee2019_SSVEP,SSVEP,41,0.6000000000000001,1.0,0.98
ATCNet,Lee2019_SSVEP,SSVEP,42,0.31,0.8,0.8099999999999999
ATCNet,Lee2019_SSVEP,SSVEP,43,0.5549999999999999,1.0,1.0
ATCNet,Lee2019_SSVEP,SSVEP,44,0.665,0.985,0.98
ATCNet,Lee2019_SSVEP,SSVEP,45,0.41,0.945,0.92
ATCNet,Lee2019_SSVEP,SSVEP,46,0.385,1.0,0.99
ATCNet,Lee2019_SSVEP,SSVEP,47,0.255,0.6299999999999999,0.625
ATCNet,Lee2019_SSVEP,SSVEP,48,0.595,1.0,1.0
ATCNet,Lee2019_SSVEP,SSVEP,49,0.5950000000000001,0.995,0.99
ATCNet,Lee2019_SSVEP,SSVEP,5,0.445,0.845,0.8350000000000001
ATCNet,Lee2019_SSVEP,SSVEP,50,0.635,0.995,0.995
ATCNet,Lee2019_SSVEP,SSVEP,51,0.385,0.8150000000000001,0.765
ATCNet,Lee2019_SSVEP,SSVEP,52,0.37,1.0,0.995
ATCNet,Lee2019_SSVEP,SSVEP,53,0.5800000000000001,1.0,1.0
ATCNet,Lee2019_SSVEP,SSVEP,54,0.36,0.8899999999999999,0.855
ATCNet,Lee2019_SSVEP,SSVEP,6,0.61,1.0,1.0
ATCNet,Lee2019_SSVEP,SSVEP,7,0.7150000000000001,1.0,1.0
ATCNet,Lee2019_SSVEP,SSVEP,8,0.385,0.945,0.925
ATCNet,Lee2019_SSVEP,SSVEP,9,0.41,0.98,0.935
ATCNet,Yang2025,MI,1,0.6499999999999999,0.8716666666666666,0.7483333333333333
ATCNet,Yang2025,MI,10,0.53,0.815,0.7716666666666667
ATCNet,Yang2025,MI,11,0.5983333333333334,0.8816666666666666,0.8383333333333334
ATCNet,Yang2025,MI,12,0.5349999999999999,0.5249999999999999,0.5316666666666667
ATCNet,Yang2025,MI,13,0.4983333333333333,0.7383333333333333,0.6783333333333333
ATCNet,Yang2025,MI,14,0.5283333333333333,0.5466666666666666,0.5416666666666667
ATCNet,Yang2025,MI,15,0.57,0.7216666666666667,0.7816666666666667
ATCNet,Yang2025,MI,16,0.5633333333333332,0.6883333333333334,0.6183333333333333
ATCNet,Yang2025,MI,17,0.5016666666666667,0.71,0.645
ATCNet,Yang2025,MI,18,0.5133333333333333,0.6583333333333333,0.675
ATCNet,Yang2025,MI,19,0.6699999999999999,0.88,0.7666666666666666
ATCNet,Yang2025,MI,2,0.5133333333333333,0.595,0.5583333333333333
ATCNet,Yang2025,MI,20,0.5166666666666666,0.6983333333333334,0.5666666666666667
ATCNet,Yang2025,MI,21,0.6333333333333333,0.8216666666666667,0.7433333333333334
ATCNet,Yang2025,MI,22,0.605,0.7966666666666666,0.6816666666666666
ATCNet,Yang2025,MI,23,0.7011204013377926,0.9148717948717948,0.8465440356744705
ATCNet,Yang2025,MI,24,0.7003219662615636,0.9561491021222566,0.8821195356430256
ATCNet,Yang2025,MI,25,0.5416666666666667,0.8533333333333333,0.6783333333333333
ATCNet,Yang2025,MI,26,0.7280602006688963,0.8998327759197324,0.7262151616499443
ATCNet,Yang2025,MI,27,0.6983333333333333,0.78,0.5383333333333333
ATCNet,Yang2025,MI,28,0.745,0.9316666666666666,0.9
ATCNet,Yang2025,MI,29,0.8400000000000001,0.9516666666666668,0.905
ATCNet,Yang2025,MI,3,0.69,0.915,0.8916666666666666
ATCNet,Yang2025,MI,30,0.6366666666666667,0.7083333333333333,0.7933333333333333
ATCNet,Yang2025,MI,31,0.6,0.8033333333333333,0.7683333333333333
ATCNet,Yang2025,MI,32,0.5308807134894091,0.8113712374581941,0.6930880713489409
ATCNet,Yang2025,MI,33,0.8133333333333334,0.9683333333333332,0.73
ATCNet,Yang2025,MI,34,0.7916666666666666,0.8816666666666666,0.4716666666666667
ATCNet,Yang2025,MI,35,0.5216666666666667,0.7966666666666666,0.6316666666666666
ATCNet,Yang2025,MI,36,0.54,0.8433333333333333,0.6866666666666668
ATCNet,Yang2025,MI,37,0.5916666666666667,0.8316666666666667,0.8383333333333334
ATCNet,Yang2025,MI,38,0.55,0.5833333333333334,0.4916666666666667
ATCNet,Yang2025,MI,39,0.6716666666666666,0.7966666666666666,0.7233333333333334
ATCNet,Yang2025,MI,4,0.505,0.5433333333333333,0.5383333333333333
ATCNet,Yang2025,MI,40,0.5349999999999999,0.8083333333333333,0.6933333333333334
ATCNet,Yang2025,MI,41,0.5449999999999999,0.9183333333333332,0.9
ATCNet,Yang2025,MI,42,0.5183333333333333,0.7316666666666667,0.6666666666666666
ATCNet,Yang2025,MI,43,0.5383333333333333,0.8916666666666666,0.7466666666666666
ATCNet,Yang2025,MI,44,0.51,0.6716666666666666,0.6116666666666667
ATCNet,Yang2025,MI,45,0.5266666666666666,0.77,0.6950000000000001
ATCNet,Yang2025,MI,46,0.5449999999999999,0.9133333333333332,0.7849999999999999
ATCNet,Yang2025,MI,47,0.6316666666666666,0.8233333333333333,0.78
ATCNet,Yang2025,MI,48,0.5666666666666667,0.8283333333333334,0.815
ATCNet,Yang2025,MI,49,0.7733333333333333,0.89,0.8466666666666667
ATCNet,Yang2025,MI,5,0.6383333333333334,0.865,0.7283333333333333
ATCNet,Yang2025,MI,50,0.5966666666666667,0.8933333333333333,0.8066666666666666
ATCNet,Yang2025,MI,51,0.5833333333333333,0.86,0.7733333333333334
ATCNet,Yang2025,MI,6,0.76,0.95,0.94
ATCNet,Yang2025,MI,7,0.5700000000000001,0.6833333333333333,0.655
ATCNet,Yang2025,MI,8,0.6666666666666666,0.8483333333333334,0.825
ATCNet,Yang2025,MI,9,0.515,0.6916666666666667,0.6416666666666666
DeepConvNet,BI2015a,P300,1,0.6535247903875355,0.7509575053365902,0.4998789639312515
DeepConvNet,BI2015a,P300,10,0.828494623655914,0.8833333333333333,0.8129032258064516
DeepConvNet,BI2015a,P300,11,0.7608333333333334,0.8279166666666666,0.59625
DeepConvNet,BI2015a,P300,12,0.7185483870967742,0.7408602150537634,0.5849462365591398
DeepConvNet,BI2015a,P300,13,0.7741228070175439,0.887280701754386,0.8013157894736842
DeepConvNet,BI2015a,P300,14,0.7384615384615385,0.7521367521367521,0.5401709401709403
DeepConvNet,BI2015a,P300,15,0.7066666666666667,0.8419047619047619,0.8052380952380952
DeepConvNet,BI2015a,P300,16,0.7804761904761905,0.8828571428571428,0.8185714285714285
DeepConvNet,BI2015a,P300,17,0.7681481481481481,0.8088888888888889,0.7292592592592593
DeepConvNet,BI2015a,P300,18,0.7362962962962962,0.7966666666666666,0.6359259259259259
DeepConvNet,BI2015a,P300,19,0.7523333333333333,0.8196666666666667,0.7326666666666667
DeepConvNet,BI2015a,P300,2,0.7706349206349206,0.8876984126984127,0.8376984126984126
DeepConvNet,BI2015a,P300,20,0.7740740740740741,0.8888888888888888,0.797037037037037
DeepConvNet,BI2015a,P300,21,0.779047619047619,0.8914285714285715,0.8452380952380952
DeepConvNet,BI2015a,P300,22,0.768560606060606,0.8382575757575758,0.7378787878787878
DeepConvNet,BI2015a,P300,23,0.6934210526315789,0.7706140350877193,0.725
DeepConvNet,BI2015a,P300,24,0.8074074074074074,0.8787037037037038,0.8060185185185185
DeepConvNet,BI2015a,P300,25,0.6663793103448276,0.7749999999999999,0.6471264367816092
DeepConvNet,BI2015a,P300,26,0.8327956989247312,0.924731182795699,0.9053763440860216
DeepConvNet,BI2015a,P300,27,0.6732067510548523,0.7483122362869199,0.6162447257383966
DeepConvNet,BI2015a,P300,28,0.7293333333333334,0.8013333333333333,0.7443333333333333
DeepConvNet,BI2015a,P300,29,0.6758169934640523,0.7748366013071895,0.5836601307189542
DeepConvNet,BI2015a,P300,3,0.8275862068965517,0.9017241379310346,0.7471264367816092
DeepConvNet,BI2015a,P300,30,0.7709876543209877,0.9012345679012346,0.7981481481481482
DeepConvNet,BI2015a,P300,31,0.6808888888888889,0.6993333333333334,0.556
DeepConvNet,BI2015a,P300,32,0.7720430107526881,0.8500000000000001,0.8188172043010753
DeepConvNet,BI2015a,P300,33,0.7376984126984127,0.8436507936507937,0.7496031746031746
DeepConvNet,BI2015a,P300,34,0.638095238095238,0.8371428571428572,0.7804761904761905
DeepConvNet,BI2015a,P300,35,0.6007246376811595,0.6910628019323671,0.5760869565217391
DeepConvNet,BI2015a,P300,36,0.7337499999999999,0.8779166666666667,0.825
DeepConvNet,BI2015a,P300,37,0.6864285714285714,0.7571428571428571,0.5385714285714286
DeepConvNet,BI2015a,P300,38,0.7954954954954956,0.8527027027027028,0.7130630630630631
DeepConvNet,BI2015a,P300,39,0.7119047619047619,0.7976190476190477,0.4996598639455782
DeepConvNet,BI2015a,P300,4,0.71875,0.8945833333333333,0.8854166666666667
DeepConvNet,BI2015a,P300,40,0.7425925925925927,0.8404320987654321,0.7262345679012345
DeepConvNet,BI2015a,P300,41,0.7488888888888889,0.8266666666666667,0.6185185185185185
DeepConvNet,BI2015a,P300,42,0.6657894736842105,0.7286549707602339,0.6450292397660818
DeepConvNet,BI2015a,P300,43,0.8482758620689654,0.9195402298850576,0.8798850574712643
DeepConvNet,BI2015a,P300,5,0.7944444444444444,0.8949494949494949,0.803030303030303
DeepConvNet,BI2015a,P300,6,0.8011363636363636,0.8018939393939394,0.6333333333333333
DeepConvNet,BI2015a,P300,7,0.7294117647058824,0.8705882352941177,0.7117647058823529
DeepConvNet,BI2015a,P300,8,0.7321428571428572,0.8603174603174604,0.7793650793650794
DeepConvNet,BI2015a,P300,9,0.7518018018018018,0.8423423423423424,0.6900900900900901
DeepConvNet,Lee2019_SSVEP,SSVEP,1,0.31,0.965,0.96
DeepConvNet,Lee2019_SSVEP,SSVEP,10,0.235,1.0,1.0
DeepConvNet,Lee2019_SSVEP,SSVEP,11,0.47,1.0,1.0
DeepConvNet,Lee2019_SSVEP,SSVEP,12,0.3500000000000001,0.975,0.98
DeepConvNet,Lee2019_SSVEP,SSVEP,13,0.32,0.99,0.93
DeepConvNet,Lee2019_SSVEP,SSVEP,14,0.245,0.95,0.855
DeepConvNet,Lee2019_SSVEP,SSVEP,15,0.295,0.985,0.8799999999999999
DeepConvNet,Lee2019_SSVEP,SSVEP,16,0.35,1.0,1.0
DeepConvNet,Lee2019_SSVEP,SSVEP,17,0.21,0.99,0.98
DeepConvNet,Lee2019_SSVEP,SSVEP,18,0.415,0.995,0.995
DeepConvNet,Lee2019_SSVEP,SSVEP,19,0.21,0.99,0.98
DeepConvNet,Lee2019_SSVEP,SSVEP,2,0.27,0.995,0.99
DeepConvNet,Lee2019_SSVEP,SSVEP,20,0.265,1.0,0.995
DeepConvNet,Lee2019_SSVEP,SSVEP,21,0.51,0.99,0.99
DeepConvNet,Lee2019_SSVEP,SSVEP,22,0.275,0.955,0.935
DeepConvNet,Lee2019_SSVEP,SSVEP,23,0.245,0.5,0.32
DeepConvNet,Lee2019_SSVEP,SSVEP,24,0.265,0.985,0.96
DeepConvNet,Lee2019_SSVEP,SSVEP,25,0.43,0.985,0.985
DeepConvNet,Lee2019_SSVEP,SSVEP,26,0.38,0.995,0.99
DeepConvNet,Lee2019_SSVEP,SSVEP,27,0.415,0.995,1.0
DeepConvNet,Lee2019_SSVEP,SSVEP,28,0.345,0.99,0.98
DeepConvNet,Lee2019_SSVEP,SSVEP,29,0.305,0.985,0.935
DeepConvNet,Lee2019_SSVEP,SSVEP,3,0.3149999999999999,0.935,0.945
DeepConvNet,Lee2019_SSVEP,SSVEP,30,0.405,0.995,0.995
DeepConvNet,Lee2019_SSVEP,SSVEP,31,0.405,1.0,1.0
DeepConvNet,Lee2019_SSVEP,SSVEP,32,0.255,0.965,0.92
DeepConvNet,Lee2019_SSVEP,SSVEP,33,0.3299999999999999,0.995,1.0
DeepConvNet,Lee2019_SSVEP,SSVEP,34,0.295,0.845,0.81
DeepConvNet,Lee2019_SSVEP,SSVEP,35,0.285,0.99,0.98
DeepConvNet,Lee2019_SSVEP,SSVEP,36,0.605,1.0,1.0
DeepConvNet,Lee2019_SSVEP,SSVEP,37,0.245,0.985,0.99
DeepConvNet,Lee2019_SSVEP,SSVEP,38,0.285,0.995,0.995
DeepConvNet,Lee2019_SSVEP,SSVEP,39,0.3,1.0,1.0
DeepConvNet,Lee2019_SSVEP,SSVEP,4,0.62,1.0,1.0
DeepConvNet,Lee2019_SSVEP,SSVEP,40,0.27,0.94,0.955
DeepConvNet,Lee2019_SSVEP,SSVEP,41,0.455,0.995,0.99
DeepConvNet,Lee2019_SSVEP,SSVEP,42,0.27,0.835,0.84
DeepConvNet,Lee2019_SSVEP,SSVEP,43,0.28,1.0,1.0
DeepConvNet,Lee2019_SSVEP,SSVEP,44,0.325,0.995,0.995
DeepConvNet,Lee2019_SSVEP,SSVEP,45,0.245,0.98,0.96
DeepConvNet,Lee2019_SSVEP,SSVEP,46,0.31,0.995,0.945
DeepConvNet,Lee2019_SSVEP,SSVEP,47,0.265,0.64,0.63
DeepConvNet,Lee2019_SSVEP,SSVEP,48,0.385,0.995,0.995
DeepConvNet,Lee2019_SSVEP,SSVEP,49,0.425,1.0,1.0
DeepConvNet,Lee2019_SSVEP,SSVEP,5,0.245,0.875,0.8600000000000001
DeepConvNet,Lee2019_SSVEP,SSVEP,50,0.275,1.0,0.99
DeepConvNet,Lee2019_SSVEP,SSVEP,51,0.24,0.865,0.845
DeepConvNet,Lee2019_SSVEP,SSVEP,52,0.31,1.0,0.985
DeepConvNet,Lee2019_SSVEP,SSVEP,53,0.285,1.0,1.0
DeepConvNet,Lee2019_SSVEP,SSVEP,54,0.215,0.8899999999999999,0.78
DeepConvNet,Lee2019_SSVEP,SSVEP,6,0.42,1.0,1.0
DeepConvNet,Lee2019_SSVEP,SSVEP,7,0.375,1.0,1.0
DeepConvNet,Lee2019_SSVEP,SSVEP,8,0.2299999999999999,0.955,0.975
DeepConvNet,Lee2019_SSVEP,SSVEP,9,0.295,0.99,0.995
DeepConvNet,Yang2025,MI,1,0.8783333333333333,0.9766666666666666,0.9666666666666668
DeepConvNet,Yang2025,MI,10,0.7566666666666666,0.905,0.8833333333333333
DeepConvNet,Yang2025,MI,11,0.7283333333333333,0.955,0.9383333333333332
DeepConvNet,Yang2025,MI,12,0.5333333333333333,0.6016666666666667,0.655
DeepConvNet,Yang2025,MI,13,0.7366666666666667,0.8483333333333334,0.7933333333333333
DeepConvNet,Yang2025,MI,14,0.5066666666666667,0.605,0.5833333333333333
DeepConvNet,Yang2025,MI,15,0.6933333333333334,0.8683333333333334,0.845
DeepConvNet,Yang2025,MI,16,0.55,0.6683333333333333,0.6399999999999999
DeepConvNet,Yang2025,MI,17,0.735,0.8483333333333334,0.8416666666666667
DeepConvNet,Yang2025,MI,18,0.63,0.7433333333333333,0.735
DeepConvNet,Yang2025,MI,19,0.7633333333333333,0.8966666666666667,0.8783333333333334
DeepConvNet,Yang2025,MI,2,0.5783333333333334,0.7216666666666667,0.7416666666666667
DeepConvNet,Yang2025,MI,20,0.8216666666666667,0.9483333333333333,0.7883333333333333
DeepConvNet,Yang2025,MI,21,0.7666666666666666,0.9283333333333332,0.9266666666666667
DeepConvNet,Yang2025,MI,22,0.7633333333333334,0.905,0.8683333333333334
DeepConvNet,Yang2025,MI,23,0.8430546265328874,0.9849721293199554,0.959927536231884
DeepConvNet,Yang2025,MI,24,0.93932523127154,0.9865204970070742,0.9679734264465808
DeepConvNet,Yang2025,MI,25,0.8966666666666667,0.9783333333333332,0.9366666666666666
DeepConvNet,Yang2025,MI,26,0.7999275362318841,0.949933110367893,0.8429821627647714
DeepConvNet,Yang2025,MI,27,0.655,0.75,0.685
DeepConvNet,Yang2025,MI,28,0.7483333333333333,0.9433333333333334,0.9033333333333332
DeepConvNet,Yang2025,MI,29,0.6983333333333334,0.9116666666666666,0.8016666666666666
DeepConvNet,Yang2025,MI,3,0.8999999999999999,0.9766666666666668,0.975
DeepConvNet,Yang2025,MI,30,0.745,0.975,0.9583333333333331
DeepConvNet,Yang2025,MI,31,0.65,0.8433333333333333,0.8033333333333333
DeepConvNet,Yang2025,MI,32,0.5493924191750279,0.6811984392419175,0.6146321070234114
DeepConvNet,Yang2025,MI,33,0.8483333333333334,0.9833333333333332,0.9666666666666668
DeepConvNet,Yang2025,MI,34,0.7516666666666667,0.8416666666666667,0.6433333333333333
DeepConvNet,Yang2025,MI,35,0.9033333333333332,0.9833333333333334,0.9783333333333332
DeepConvNet,Yang2025,MI,36,0.8733333333333333,0.9466666666666668,0.9366666666666666
DeepConvNet,Yang2025,MI,37,0.865,0.9483333333333333,0.885
DeepConvNet,Yang2025,MI,38,0.6183333333333333,0.7266666666666667,0.5983333333333334
DeepConvNet,Yang2025,MI,39,0.6766666666666667,0.8333333333333333,0.7583333333333333
DeepConvNet,Yang2025,MI,4,0.5066666666666667,0.5616666666666666,0.615
DeepConvNet,Yang2025,MI,40,0.71,0.89,0.8766666666666667
DeepConvNet,Yang2025,MI,41,0.8,0.925,0.8766666666666667
DeepConvNet,Yang2025,MI,42,0.6933333333333334,0.8516666666666667,0.865
DeepConvNet,Yang2025,MI,43,0.9433333333333334,1.0,0.9983333333333332
DeepConvNet,Yang2025,MI,44,0.6016666666666667,0.7883333333333333,0.7533333333333334
DeepConvNet,Yang2025,MI,45,0.825,0.9166666666666669,0.915
DeepConvNet,Yang2025,MI,46,0.9133333333333332,0.9966666666666666,0.985
DeepConvNet,Yang2025,MI,47,0.8166666666666667,0.9416666666666668,0.9233333333333332
DeepConvNet,Yang2025,MI,48,0.6733333333333333,0.9333333333333332,0.8916666666666666
DeepConvNet,Yang2025,MI,49,0.8833333333333333,0.9866666666666666,0.9566666666666668
DeepConvNet,Yang2025,MI,5,0.825,0.9166666666666666,0.8983333333333333
DeepConvNet,Yang2025,MI,50,0.8883333333333333,0.9766666666666668,0.965
DeepConvNet,Yang2025,MI,51,0.7733333333333333,0.94,0.9066666666666668
DeepConvNet,Yang2025,MI,6,0.8966666666666667,0.985,0.9583333333333334
DeepConvNet,Yang2025,MI,7,0.7,0.86,0.8266666666666667
DeepConvNet,Yang2025,MI,8,0.8216666666666667,0.9566666666666668,0.95
DeepConvNet,Yang2025,MI,9,0.665,0.7366666666666667,0.775
EEGNetv4,BI2015a,P300,1,0.6704900860456415,0.6966594045025418,0.5004850245373121
EEGNetv4,BI2015a,P300,10,0.8016129032258064,0.8483870967741935,0.717741935483871
EEGNetv4,BI2015a,P300,11,0.7133333333333334,0.7875,0.59375
EEGNetv4,BI2015a,P300,12,0.693010752688172,0.7422043010752688,0.5653225806451613
EEGNetv4,BI2015a,P300,13,0.843859649122807,0.8868421052631579,0.7280701754385965
EEGNetv4,BI2015a,P300,14,0.726923076923077,0.7623931623931623,0.5072649572649572
EEGNetv4,BI2015a,P300,15,0.7714285714285715,0.8404761904761905,0.7914285714285714
EEGNetv4,BI2015a,P300,16,0.810952380952381,0.8433333333333333,0.7261904761904763
EEGNetv4,BI2015a,P300,17,0.7451851851851852,0.7825925925925926,0.63
EEGNetv4,BI2015a,P300,18,0.7418518518518518,0.782962962962963,0.567037037037037
EEGNetv4,BI2015a,P300,19,0.726,0.7806666666666666,0.7110000000000001
EEGNetv4,BI2015a,P300,2,0.7976190476190477,0.8742063492063492,0.7011904761904761
EEGNetv4,BI2015a,P300,20,0.7988888888888889,0.8385185185185186,0.6566666666666667
EEGNetv4,BI2015a,P300,21,0.7928571428571429,0.8738095238095238,0.7771428571428571
EEGNetv4,BI2015a,P300,22,0.7473484848484848,0.831060606060606,0.749621212121212
EEGNetv4,BI2015a,P300,23,0.7412280701754386,0.775438596491228,0.6763157894736842
EEGNetv4,BI2015a,P300,24,0.7930555555555556,0.8777777777777778,0.7300925925925925
EEGNetv4,BI2015a,P300,25,0.7195402298850575,0.7511494252873563,0.5433908045977012
EEGNetv4,BI2015a,P300,26,0.8381720430107527,0.8935483870967742,0.8188172043010753
EEGNetv4,BI2015a,P300,27,0.6778481012658227,0.7183544303797469,0.5253164556962026
EEGNetv4,BI2015a,P300,28,0.7106666666666667,0.76,0.6143333333333333
EEGNetv4,BI2015a,P300,29,0.7009803921568627,0.7601307189542483,0.5676470588235294
EEGNetv4,BI2015a,P300,3,0.846551724137931,0.8781609195402299,0.7833333333333333
EEGNetv4,BI2015a,P300,30,0.6888888888888889,0.741358024691358,0.8753086419753087
EEGNetv4,BI2015a,P300,31,0.6773333333333333,0.6946666666666667,0.5151111111111111
EEGNetv4,BI2015a,P300,32,0.7672043010752688,0.821505376344086,0.7311827956989247
EEGNetv4,BI2015a,P300,33,0.7944444444444445,0.8269841269841269,0.6956349206349206
EEGNetv4,BI2015a,P300,34,0.7842857142857143,0.8438095238095238,0.6880952380952381
EEGNetv4,BI2015a,P300,35,0.6355072463768117,0.6821256038647343,0.5024154589371981
EEGNetv4,BI2015a,P300,36,0.8,0.8758333333333332,0.77625
EEGNetv4,BI2015a,P300,37,0.71,0.7440476190476191,0.5833333333333334
EEGNetv4,BI2015a,P300,38,0.7981981981981983,0.8171171171171172,0.6468468468468469
EEGNetv4,BI2015a,P300,39,0.7496598639455783,0.7850340136054421,0.5
EEGNetv4,BI2015a,P300,4,0.7745833333333334,0.88,0.6875
EEGNetv4,BI2015a,P300,40,0.7641975308641975,0.8320987654320988,0.596604938271605
EEGNetv4,BI2015a,P300,41,0.7544444444444445,0.7814814814814814,0.5640740740740741
EEGNetv4,BI2015a,P300,42,0.6660818713450292,0.7058479532163743,0.6
EEGNetv4,BI2015a,P300,43,0.8488505747126437,0.9275862068965516,0.8367816091954023
EEGNetv4,BI2015a,P300,5,0.7954545454545454,0.8505050505050505,0.6338383838383839
EEGNetv4,BI2015a,P300,6,0.7678030303030303,0.8140151515151515,0.628030303030303
EEGNetv4,BI2015a,P300,7,0.7838235294117647,0.8289215686274509,0.515686274509804
EEGNetv4,BI2015a,P300,8,0.7746031746031746,0.8396825396825396,0.7420634920634921
EEGNetv4,BI2015a,P300,9,0.7711711711711712,0.8045045045045045,0.590990990990991
EEGNetv4,Lee2019_SSVEP,SSVEP,1,0.5750000000000001,0.95,0.94
EEGNetv4,Lee2019_SSVEP,SSVEP,10,0.72,0.985,0.985
EEGNetv4,Lee2019_SSVEP,SSVEP,11,0.86,1.0,1.0
EEGNetv4,Lee2019_SSVEP,SSVEP,12,0.7749999999999999,0.965,0.97
EEGNetv4,Lee2019_SSVEP,SSVEP,13,0.65,0.98,0.945
EEGNetv4,Lee2019_SSVEP,SSVEP,14,0.485,0.95,0.92
EEGNetv4,Lee2019_SSVEP,SSVEP,15,0.7450000000000001,1.0,0.855
EEGNetv4,Lee2019_SSVEP,SSVEP,16,0.825,0.995,0.99
EEGNetv4,Lee2019_SSVEP,SSVEP,17,0.605,0.955,0.91
EEGNetv4,Lee2019_SSVEP,SSVEP,18,0.86,0.98,0.98
EEGNetv4,Lee2019_SSVEP,SSVEP,19,0.65,0.99,0.99
EEGNetv4,Lee2019_SSVEP,SSVEP,2,0.7450000000000001,0.99,0.99
EEGNetv4,Lee2019_SSVEP,SSVEP,20,0.5650000000000001,0.98,0.975
EEGNetv4,Lee2019_SSVEP,SSVEP,21,0.7649999999999999,0.975,0.895
EEGNetv4,Lee2019_SSVEP,SSVEP,22,0.54,0.94,0.875
EEGNetv4,Lee2019_SSVEP,SSVEP,23,0.35,0.555,0.285
EEGNetv4,Lee2019_SSVEP,SSVEP,24,0.5650000000000001,0.98,0.96
EEGNetv4,Lee2019_SSVEP,SSVEP,25,0.765,0.975,0.955
EEGNetv4,Lee2019_SSVEP,SSVEP,26,0.675,0.995,0.98
EEGNetv4,Lee2019_SSVEP,SSVEP,27,0.7899999999999999,1.0,1.0
EEGNetv4,Lee2019_SSVEP,SSVEP,28,0.64,0.995,0.975
EEGNetv4,Lee2019_SSVEP,SSVEP,29,0.635,0.975,0.9
EEGNetv4,Lee2019_SSVEP,SSVEP,3,0.72,0.93,0.94
EEGNetv4,Lee2019_SSVEP,SSVEP,30,0.8049999999999999,0.995,0.96
EEGNetv4,Lee2019_SSVEP,SSVEP,31,0.905,0.98,0.97
EEGNetv4,Lee2019_SSVEP,SSVEP,32,0.675,0.92,0.725
EEGNetv4,Lee2019_SSVEP,SSVEP,33,0.5850000000000001,1.0,1.0
EEGNetv4,Lee2019_SSVEP,SSVEP,34,0.525,0.835,0.7550000000000001
EEGNetv4,Lee2019_SSVEP,SSVEP,35,0.635,0.99,0.955
EEGNetv4,Lee2019_SSVEP,SSVEP,36,0.88,1.0,1.0
EEGNetv4,Lee2019_SSVEP,SSVEP,37,0.7449999999999999,0.99,0.99
EEGNetv4,Lee2019_SSVEP,SSVEP,38,0.7549999999999999,0.995,0.995
EEGNetv4,Lee2019_SSVEP,SSVEP,39,0.63,1.0,1.0
EEGNetv4,Lee2019_SSVEP,SSVEP,4,0.855,0.995,0.995
EEGNetv4,Lee2019_SSVEP,SSVEP,40,0.7100000000000001,0.955,0.945
EEGNetv4,Lee2019_SSVEP,SSVEP,41,0.7350000000000001,0.995,0.985
EEGNetv4,Lee2019_SSVEP,SSVEP,42,0.415,0.7899999999999999,0.82
EEGNetv4,Lee2019_SSVEP,SSVEP,43,0.85,1.0,1.0
EEGNetv4,Lee2019_SSVEP,SSVEP,44,0.86,0.99,0.995
EEGNetv4,Lee2019_SSVEP,SSVEP,45,0.605,0.965,0.955
EEGNetv4,Lee2019_SSVEP,SSVEP,46,0.5800000000000001,1.0,1.0
EEGNetv4,Lee2019_SSVEP,SSVEP,47,0.35,0.665,0.625
EEGNetv4,Lee2019_SSVEP,SSVEP,48,0.71,0.995,0.995
EEGNetv4,Lee2019_SSVEP,SSVEP,49,0.7649999999999999,1.0,1.0
EEGNetv4,Lee2019_SSVEP,SSVEP,5,0.535,0.845,0.825
EEGNetv4,Lee2019_SSVEP,SSVEP,50,0.7449999999999999,0.99,0.995
EEGNetv4,Lee2019_SSVEP,SSVEP,51,0.435,0.8300000000000001,0.8
EEGNetv4,Lee2019_SSVEP,SSVEP,52,0.615,0.95,0.935
EEGNetv4,Lee2019_SSVEP,SSVEP,53,0.645,1.0,1.0
EEGNetv4,Lee2019_SSVEP,SSVEP,54,0.535,0.84,0.625
EEGNetv4,Lee2019_SSVEP,SSVEP,6,0.765,1.0,1.0
EEGNetv4,Lee2019_SSVEP,SSVEP,7,0.83,0.995,0.985
EEGNetv4,Lee2019_SSVEP,SSVEP,8,0.475,0.965,0.9
EEGNetv4,Lee2019_SSVEP,SSVEP,9,0.64,0.975,0.98
EEGNetv4,Yang2025,MI,1,0.8866666666666667,0.9583333333333334,0.9216666666666666
EEGNetv4,Yang2025,MI,10,0.8300000000000001,0.8883333333333333,0.7866666666666666
EEGNetv4,Yang2025,MI,11,0.8300000000000001,0.925,0.8866666666666667
EEGNetv4,Yang2025,MI,12,0.5416666666666667,0.6000000000000001,0.6183333333333333
EEGNetv4,Yang2025,MI,13,0.7383333333333333,0.8466666666666667,0.7816666666666667
EEGNetv4,Yang2025,MI,14,0.525,0.5433333333333333,0.5566666666666666
EEGNetv4,Yang2025,MI,15,0.7483333333333333,0.7916666666666666,0.7766666666666666
EEGNetv4,Yang2025,MI,16,0.5516666666666667,0.6666666666666667,0.5683333333333334
EEGNetv4,Yang2025,MI,17,0.7483333333333333,0.8316666666666667,0.7916666666666667
EEGNetv4,Yang2025,MI,18,0.635,0.6833333333333333,0.6783333333333333
EEGNetv4,Yang2025,MI,19,0.7933333333333333,0.8883333333333333,0.8533333333333333
EEGNetv4,Yang2025,MI,2,0.5833333333333333,0.6966666666666667,0.7133333333333334
EEGNetv4,Yang2025,MI,20,0.8666666666666667,0.915,0.7683333333333333
EEGNetv4,Yang2025,MI,21,0.8183333333333334,0.9183333333333332,0.8783333333333334
EEGNetv4,Yang2025,MI,22,0.7683333333333333,0.8716666666666667,0.7783333333333333
EEGNetv4,Yang2025,MI,23,0.8730434782608696,0.9616053511705686,0.9398940914158306
EEGNetv4,Yang2025,MI,24,0.9326478323961546,0.9831534554688915,0.9663522582985672
EEGNetv4,Yang2025,MI,25,0.9033333333333332,0.955,0.8983333333333334
EEGNetv4,Yang2025,MI,26,0.8697826086956522,0.908154960981048,0.7476867335562988
EEGNetv4,Yang2025,MI,27,,0.7333333333333334,0.5966666666666667
EEGNetv4,Yang2025,MI,28,0.7933333333333333,0.92,0.8216666666666667
EEGNetv4,Yang2025,MI,29,0.7833333333333333,0.8983333333333333,0.8166666666666667
EEGNetv4,Yang2025,MI,3,0.9083333333333332,0.9433333333333334,0.9316666666666666
EEGNetv4,Yang2025,MI,30,0.8583333333333334,0.7966666666666666,0.9166666666666666
EEGNetv4,Yang2025,MI,31,0.7683333333333333,0.825,0.7366666666666667
EEGNetv4,Yang2025,MI,32,0.5442697881828316,0.6410089186176142,0.5642586399108138
EEGNetv4,Yang2025,MI,33,0.8899999999999999,0.9766666666666668,0.9616666666666668
EEGNetv4,Yang2025,MI,34,0.7616666666666667,0.7816666666666667,0.5483333333333333
EEGNetv4,Yang2025,MI,35,0.925,0.97,0.9616666666666668
EEGNetv4,Yang2025,MI,36,0.8766666666666667,0.95,0.925
EEGNetv4,Yang2025,MI,37,0.855,0.9216666666666666,0.9
EEGNetv4,Yang2025,MI,38,0.6583333333333333,0.6599999999999999,0.605
EEGNetv4,Yang2025,MI,39,0.7183333333333333,0.795,0.7183333333333333
EEGNetv4,Yang2025,MI,4,0.5449999999999999,0.5549999999999999,0.5866666666666667
EEGNetv4,Yang2025,MI,40,0.7816666666666667,0.8816666666666666,0.8183333333333334
EEGNetv4,Yang2025,MI,41,0.825,0.91,0.875
EEGNetv4,Yang2025,MI,42,0.74,0.825,0.8116666666666666
EEGNetv4,Yang2025,MI,43,0.9516666666666668,0.9966666666666668,0.99
EEGNetv4,Yang2025,MI,44,0.675,0.75,0.7216666666666667
EEGNetv4,Yang2025,MI,45,0.8233333333333334,0.8916666666666666,0.8616666666666667
EEGNetv4,Yang2025,MI,46,0.9533333333333334,0.9933333333333334,0.9533333333333334
EEGNetv4,Yang2025,MI,47,0.86,0.9383333333333334,0.8899999999999999
EEGNetv4,Yang2025,MI,48,0.8033333333333333,0.9016666666666666,0.8383333333333334
EEGNetv4,Yang2025,MI,49,0.8916666666666666,0.9766666666666668,0.9583333333333331
EEGNetv4,Yang2025,MI,5,0.7983333333333333,0.8983333333333333,0.8283333333333334
EEGNetv4,Yang2025,MI,50,0.88,0.9683333333333332,0.92
EEGNetv4,Yang2025,MI,51,0.8316666666666667,0.9016666666666666,0.8666666666666667
EEGNetv4,Yang2025,MI,6,0.92,0.9716666666666668,0.9233333333333332
EEGNetv4,Yang2025,MI,7,0.7033333333333334,0.8333333333333333,0.7483333333333333
EEGNetv4,Yang2025,MI,8,0.855,0.95,0.8933333333333333
EEGNetv4,Yang2025,MI,9,0.62,0.7383333333333333,0.7116666666666667
ShallowConvNet,BI2015a,P300,1,0.5818727580819084,0.6493761140819965,0.5030259017187122
ShallowConvNet,BI2015a,P300,10,0.6053763440860215,0.8026881720430108,0.7129032258064516
ShallowConvNet,BI2015a,P300,11,0.5358333333333334,0.6708333333333334,0.5129166666666667
ShallowConvNet,BI2015a,P300,12,0.5658602150537634,0.6870967741935484,0.5026881720430108
ShallowConvNet,BI2015a,P300,13,0.725438596491228,0.850438596491228,0.7719298245614035
ShallowConvNet,BI2015a,P300,14,0.579059829059829,0.7029914529914529,0.5089743589743589
ShallowConvNet,BI2015a,P300,15,0.5995238095238095,0.7819047619047619,0.7442857142857142
ShallowConvNet,BI2015a,P300,16,0.6028571428571429,0.8052380952380953,0.7266666666666667
ShallowConvNet,BI2015a,P300,17,0.56,0.737037037037037,0.7288888888888889
ShallowConvNet,BI2015a,P300,18,0.53,0.6751851851851852,0.5214814814814814
ShallowConvNet,BI2015a,P300,19,0.5966666666666667,0.7146666666666667,0.5826666666666667
ShallowConvNet,BI2015a,P300,2,0.601984126984127,0.8138888888888889,0.6896825396825397
ShallowConvNet,BI2015a,P300,20,0.5948148148148148,0.7644444444444445,0.6522222222222223
ShallowConvNet,BI2015a,P300,21,0.6623809523809524,0.8204761904761905,0.7933333333333333
ShallowConvNet,BI2015a,P300,22,0.5549242424242424,0.7549242424242424,0.690530303030303
ShallowConvNet,BI2015a,P300,23,0.537719298245614,0.7109649122807018,0.6508771929824562
ShallowConvNet,BI2015a,P300,24,0.587037037037037,0.7976851851851852,0.6967592592592593
ShallowConvNet,BI2015a,P300,25,0.5715517241379311,0.6761494252873563,0.5522988505747126
ShallowConvNet,BI2015a,P300,26,0.6413978494623656,0.8317204301075269,0.8419354838709678
ShallowConvNet,BI2015a,P300,27,0.5238396624472574,0.6362869198312237,0.5548523206751055
ShallowConvNet,BI2015a,P300,28,0.524,0.69,0.6763333333333333
ShallowConvNet,BI2015a,P300,29,0.5320261437908497,0.6647058823529411,0.5630718954248366
ShallowConvNet,BI2015a,P300,3,0.7396551724137931,0.8660919540229886,0.7166666666666667
ShallowConvNet,BI2015a,P300,30,0.7185185185185186,0.832716049382716,0.7641975308641975
ShallowConvNet,BI2015a,P300,31,0.5244444444444445,0.6364444444444444,0.5364444444444445
ShallowConvNet,BI2015a,P300,32,0.5913978494623656,0.7758064516129033,0.7758064516129033
ShallowConvNet,BI2015a,P300,33,0.5904761904761905,0.7591269841269841,0.6984126984126984
ShallowConvNet,BI2015a,P300,34,0.5719047619047619,0.730952380952381,0.6095238095238095
ShallowConvNet,BI2015a,P300,35,0.5142512077294686,0.5963768115942029,0.5217391304347826
ShallowConvNet,BI2015a,P300,36,0.575,0.7875000000000001,0.6083333333333334
ShallowConvNet,BI2015a,P300,37,0.5192857142857142,0.6547619047619048,0.5647619047619048
ShallowConvNet,BI2015a,P300,38,0.5927927927927927,0.7927927927927928,0.6671171171171171
ShallowConvNet,BI2015a,P300,39,0.567687074829932,0.7197278911564626,0.5017006802721088
ShallowConvNet,BI2015a,P300,4,0.7358333333333333,0.8383333333333334,0.7291666666666666
ShallowConvNet,BI2015a,P300,40,0.5944444444444444,0.7768518518518519,0.6663580246913581
ShallowConvNet,BI2015a,P300,41,0.5829629629629629,0.7292592592592593,0.6225925925925926
ShallowConvNet,BI2015a,P300,42,0.5333333333333333,0.6482456140350877,0.6017543859649123
ShallowConvNet,BI2015a,P300,43,0.7264367816091954,0.8758620689655172,0.8166666666666667
ShallowConvNet,BI2015a,P300,5,0.6585858585858586,0.8161616161616161,0.6424242424242425
ShallowConvNet,BI2015a,P300,6,0.5791666666666666,0.7534090909090909,0.6026515151515152
ShallowConvNet,BI2015a,P300,7,0.6303921568627451,0.7661764705882353,0.5083333333333333
ShallowConvNet,BI2015a,P300,8,0.5785714285714285,0.7718253968253969,0.7055555555555556
ShallowConvNet,BI2015a,P300,9,0.6234234234234235,0.7585585585585586,0.6810810810810811
ShallowConvNet,Lee2019_SSVEP,SSVEP,1,0.335,0.955,0.935
ShallowConvNet,Lee2019_SSVEP,SSVEP,10,0.395,0.965,0.91
ShallowConvNet,Lee2019_SSVEP,SSVEP,11,0.605,1.0,1.0
ShallowConvNet,Lee2019_SSVEP,SSVEP,12,0.5750000000000001,0.96,0.965
ShallowConvNet,Lee2019_SSVEP,SSVEP,13,0.375,0.935,0.8900000000000001
ShallowConvNet,Lee2019_SSVEP,SSVEP,14,0.31,0.925,0.87
ShallowConvNet,Lee2019_SSVEP,SSVEP,15,0.315,0.955,0.83
ShallowConvNet,Lee2019_SSVEP,SSVEP,16,0.45,0.985,0.965
ShallowConvNet,Lee2019_SSVEP,SSVEP,17,0.365,0.935,0.8999999999999999
ShallowConvNet,Lee2019_SSVEP,SSVEP,18,0.63,0.99,0.98
ShallowConvNet,Lee2019_SSVEP,SSVEP,19,0.395,0.895,0.735
ShallowConvNet,Lee2019_SSVEP,SSVEP,2,0.415,0.98,0.955
ShallowConvNet,Lee2019_SSVEP,SSVEP,20,0.2299999999999999,0.94,0.96
ShallowConvNet,Lee2019_SSVEP,SSVEP,21,0.495,0.985,0.91
ShallowConvNet,Lee2019_SSVEP,SSVEP,22,0.3,0.8849999999999999,0.845
ShallowConvNet,Lee2019_SSVEP,SSVEP,23,0.29,0.45,0.44
ShallowConvNet,Lee2019_SSVEP,SSVEP,24,0.285,0.94,0.825
ShallowConvNet,Lee2019_SSVEP,SSVEP,25,0.285,0.955,0.91
ShallowConvNet,Lee2019_SSVEP,SSVEP,26,0.305,0.985,0.965
ShallowConvNet,Lee2019_SSVEP,SSVEP,27,0.385,0.995,0.995
ShallowConvNet,Lee2019_SSVEP,SSVEP,28,0.29,0.975,0.98
ShallowConvNet,Lee2019_SSVEP,SSVEP,29,0.35,0.92,0.875
ShallowConvNet,Lee2019_SSVEP,SSVEP,3,0.45,0.925,0.91
ShallowConvNet,Lee2019_SSVEP,SSVEP,30,0.405,0.99,0.99
ShallowConvNet,Lee2019_SSVEP,SSVEP,31,0.675,1.0,1.0
ShallowConvNet,Lee2019_SSVEP,SSVEP,32,0.375,0.7799999999999999,0.48
ShallowConvNet,Lee2019_SSVEP,SSVEP,33,0.2799999999999999,0.98,0.995
ShallowConvNet,Lee2019_SSVEP,SSVEP,34,0.335,0.7650000000000001,0.6950000000000001
ShallowConvNet,Lee2019_SSVEP,SSVEP,35,0.37,0.93,0.885
ShallowConvNet,Lee2019_SSVEP,SSVEP,36,0.7749999999999999,1.0,1.0
ShallowConvNet,Lee2019_SSVEP,SSVEP,37,0.315,0.98,0.985
ShallowConvNet,Lee2019_SSVEP,SSVEP,38,0.4049999999999999,0.98,0.915
ShallowConvNet,Lee2019_SSVEP,SSVEP,39,0.365,0.985,0.99
ShallowConvNet,Lee2019_SSVEP,SSVEP,4,0.635,1.0,1.0
ShallowConvNet,Lee2019_SSVEP,SSVEP,40,0.325,0.915,0.8699999999999999
ShallowConvNet,Lee2019_SSVEP,SSVEP,41,0.415,0.99,0.975
ShallowConvNet,Lee2019_SSVEP,SSVEP,42,0.305,0.815,0.8049999999999999
ShallowConvNet,Lee2019_SSVEP,SSVEP,43,0.6200000000000001,0.99,0.99
ShallowConvNet,Lee2019_SSVEP,SSVEP,44,0.33,1.0,0.99
ShallowConvNet,Lee2019_SSVEP,SSVEP,45,0.445,0.935,0.825
ShallowConvNet,Lee2019_SSVEP,SSVEP,46,0.2299999999999999,0.975,0.98
ShallowConvNet,Lee2019_SSVEP,SSVEP,47,0.26,0.6100000000000001,0.6299999999999999
ShallowConvNet,Lee2019_SSVEP,SSVEP,48,0.46,0.995,0.985
ShallowConvNet,Lee2019_SSVEP,SSVEP,49,0.29,0.985,0.99
ShallowConvNet,Lee2019_SSVEP,SSVEP,5,0.29,0.8,0.77
ShallowConvNet,Lee2019_SSVEP,SSVEP,50,0.335,0.965,0.91
ShallowConvNet,Lee2019_SSVEP,SSVEP,51,0.195,0.7850000000000001,0.7500000000000001
ShallowConvNet,Lee2019_SSVEP,SSVEP,52,0.2799999999999999,0.965,0.895
ShallowConvNet,Lee2019_SSVEP,SSVEP,53,0.31,0.995,0.99
ShallowConvNet,Lee2019_SSVEP,SSVEP,54,0.36,0.79,0.49
ShallowConvNet,Lee2019_SSVEP,SSVEP,6,0.4399999999999999,1.0,0.955
ShallowConvNet,Lee2019_SSVEP,SSVEP,7,0.52,0.995,0.995
ShallowConvNet,Lee2019_SSVEP,SSVEP,8,0.275,0.905,0.915
ShallowConvNet,Lee2019_SSVEP,SSVEP,9,0.4399999999999999,0.975,0.93
ShallowConvNet,Yang2025,MI,1,0.815,0.95,0.9433333333333334
ShallowConvNet,Yang2025,MI,10,0.7233333333333334,0.8683333333333334,0.8616666666666667
ShallowConvNet,Yang2025,MI,11,0.7416666666666667,0.9216666666666666,0.9283333333333332
ShallowConvNet,Yang2025,MI,12,0.5166666666666666,0.5833333333333334,0.595
ShallowConvNet,Yang2025,MI,13,0.6466666666666666,0.81,0.8
ShallowConvNet,Yang2025,MI,14,0.5,0.5533333333333333,0.5433333333333333
ShallowConvNet,Yang2025,MI,15,0.615,0.8116666666666668,0.8083333333333333
ShallowConvNet,Yang2025,MI,16,0.6000000000000001,0.6799999999999999,0.63
ShallowConvNet,Yang2025,MI,17,0.6699999999999999,0.8066666666666666,0.7933333333333333
ShallowConvNet,Yang2025,MI,18,0.5700000000000001,0.7133333333333334,0.6933333333333334
ShallowConvNet,Yang2025,MI,19,0.76,0.865,0.8666666666666667
ShallowConvNet,Yang2025,MI,2,0.575,0.6950000000000001,0.675
ShallowConvNet,Yang2025,MI,20,0.825,0.8883333333333333,0.76
ShallowConvNet,Yang2025,MI,21,0.7383333333333333,0.895,0.8899999999999999
ShallowConvNet,Yang2025,MI,22,0.72,0.865,0.765
ShallowConvNet,Yang2025,MI,23,0.8748104793756968,0.9499108138238572,0.951577480490524
ShallowConvNet,Yang2025,MI,24,0.8214107563939779,0.9663635951387628,0.9444948304008708
ShallowConvNet,Yang2025,MI,25,0.8516666666666667,0.9366666666666666,0.9316666666666666
ShallowConvNet,Yang2025,MI,26,0.8346934225195095,0.901505016722408,0.8481605351170569
ShallowConvNet,Yang2025,MI,27,0.69,0.6866666666666666,0.6083333333333333
ShallowConvNet,Yang2025,MI,28,0.8116666666666666,0.9033333333333332,0.7683333333333333
ShallowConvNet,Yang2025,MI,29,0.8716666666666667,0.8999999999999999,0.81
ShallowConvNet,Yang2025,MI,3,0.835,0.9616666666666668,0.9383333333333334
ShallowConvNet,Yang2025,MI,30,0.8816666666666666,0.9533333333333334,0.9416666666666668
ShallowConvNet,Yang2025,MI,31,0.7133333333333334,0.7983333333333333,0.745
ShallowConvNet,Yang2025,MI,32,0.5860033444816053,0.6895039018952063,0.6060869565217392
ShallowConvNet,Yang2025,MI,33,0.9016666666666666,0.9766666666666668,0.9683333333333332
ShallowConvNet,Yang2025,MI,34,0.7616666666666667,0.8,0.6316666666666666
ShallowConvNet,Yang2025,MI,35,0.9016666666666666,0.9633333333333334,0.925
ShallowConvNet,Yang2025,MI,36,0.8966666666666666,0.9383333333333334,0.915
ShallowConvNet,Yang2025,MI,37,0.7583333333333333,0.92,0.8916666666666666
ShallowConvNet,Yang2025,MI,38,0.575,0.6333333333333333,0.6033333333333333
ShallowConvNet,Yang2025,MI,39,0.7416666666666667,0.7616666666666667,0.715
ShallowConvNet,Yang2025,MI,4,0.5166666666666666,0.5866666666666667,0.6016666666666667
ShallowConvNet,Yang2025,MI,40,0.7183333333333333,0.8466666666666667,0.81
ShallowConvNet,Yang2025,MI,41,0.7483333333333333,0.915,0.92
ShallowConvNet,Yang2025,MI,42,0.7116666666666667,0.8416666666666667,0.825
ShallowConvNet,Yang2025,MI,43,0.9416666666666668,0.995,0.9766666666666666
ShallowConvNet,Yang2025,MI,44,0.62,0.7683333333333333,0.7566666666666666
ShallowConvNet,Yang2025,MI,45,0.7583333333333333,0.8683333333333334,0.88
ShallowConvNet,Yang2025,MI,46,0.9216666666666666,0.995,0.9633333333333334
ShallowConvNet,Yang2025,MI,47,0.8316666666666667,0.91,0.8966666666666667
ShallowConvNet,Yang2025,MI,48,0.76,0.8983333333333334,0.8816666666666666
ShallowConvNet,Yang2025,MI,49,0.8733333333333333,0.9633333333333334,0.9433333333333334
ShallowConvNet,Yang2025,MI,5,0.75,0.9033333333333332,0.875
ShallowConvNet,Yang2025,MI,50,0.8133333333333334,0.955,0.945
ShallowConvNet,Yang2025,MI,51,0.7716666666666667,0.8916666666666666,0.8633333333333333
ShallowConvNet,Yang2025,MI,6,0.9183333333333332,0.9716666666666668,0.9383333333333334
ShallowConvNet,Yang2025,MI,7,0.675,0.8200000000000001,0.835
ShallowConvNet,Yang2025,MI,8,0.8400000000000001,0.94,0.9333333333333332
ShallowConvNet,Yang2025,MI,9,0.5833333333333333,0.7316666666666667,0.7283333333333333
