dataset,paradigm,model,budget,has_significant,best_delta,best_p,n_comparisons,metric
MAMEM2,SSVEP,EEGNetv4,Low,False,0.01766666666666669,0.22272063421198138,1,CFT
MAMEM2,SSVEP,EEGNetv4,High,False,-0.011466666666666672,0.42187120244975007,1,CFT
MAMEM2,SSVEP,ATCNet,Low,False,0.001066666666666652,0.9289951652945412,1,CFT
MAMEM2,SSVEP,ATCNet,High,False,0.015533333333333333,0.4361573034929761,1,CFT
MAMEM2,SSVEP,ShallowConvNet,Low,False,-0.012866666666666679,0.48214834035920273,1,CFT
MAMEM2,SSVEP,ShallowConvNet,High,False,0.019600000000000017,0.20079623604679442,1,CFT
MAMEM2,SSVEP,DeepConvNet,Low,False,0.012600000000000005,0.5117262830334222,1,CFT
MAMEM2,SSVEP,DeepConvNet,High,False,0.0022666666666666863,0.8234326499340026,1,CFT
BNCI2014_001,MI,EEGNetv4,Low,False,0.024884259259259276,0.29421368661431335,1,CFT
BNCI2014_001,MI,EEGNetv4,High,False,0.001543209876543192,0.8703469208220523,1,CFT
BNCI2014_001,MI,ATCNet,Low,False,0.006558641975308643,0.5935031122643847,1,CFT
BNCI2014_001,MI,ATCNet,High,True,-0.026620370370370374,0.007961365688343372,1,CFT
BNCI2014_001,MI,ShallowConvNet,Low,False,0.01851851851851857,0.05896030918378672,1,CFT
BNCI2014_001,MI,ShallowConvNet,High,False,-0.005401234567901246,0.4406864418871823,1,CFT
BNCI2014_001,MI,DeepConvNet,Low,False,0.03896604938271606,0.059972142477255186,1,CFT
BNCI2014_001,MI,DeepConvNet,High,True,-0.14120370370370366,0.0015823350634912598,1,CFT
Kalunga2016,SSVEP,EEGNetv4,Low,False,0.034071180555555546,0.03523615299077001,1,CFT
Kalunga2016,SSVEP,EEGNetv4,High,False,0.011675347222222215,0.6398445166487097,1,CFT
Kalunga2016,SSVEP,ATCNet,Low,False,0.064453125,0.10485890387902948,1,CFT
Kalunga2016,SSVEP,ATCNet,High,False,-0.038064236111111115,0.16827158899814648,1,CFT
Kalunga2016,SSVEP,ShallowConvNet,Low,False,0.03550347222222222,0.11066682595246215,1,CFT
Kalunga2016,SSVEP,ShallowConvNet,High,False,0.002951388888888897,0.9114925083694744,1,CFT
Kalunga2016,SSVEP,DeepConvNet,Low,False,-0.0011284722222222158,0.9323300232591212,1,CFT
Kalunga2016,SSVEP,DeepConvNet,High,False,0.008463541666666664,0.41396960427783847,1,CFT
Yang2025,MI,EEGNetv4,Low,False,-0.0023860647337277476,0.5248694286037209,2,CFT
Yang2025,MI,EEGNetv4,High,False,0.0036282131237417086,0.1856437062918158,2,CFT
Yang2025,MI,ATCNet,Low,True,-0.011179306317396576,0.00023994989973506273,2,CFT
Yang2025,MI,ATCNet,High,False,-0.0068930092448347205,0.053708929606376375,2,CFT
Yang2025,MI,ShallowConvNet,Low,False,-0.0065079839923211594,0.012570783568946612,1,CFT
Yang2025,MI,ShallowConvNet,High,False,0.007790549968949437,0.010846735069119259,2,CFT
Yang2025,MI,DeepConvNet,Low,False,-0.0005913347491043548,0.9174727645987574,2,CFT
Yang2025,MI,DeepConvNet,High,False,-0.00022647253289729752,0.9243031920797877,2,CFT
BI2015a,P300,EEGNetv4,Low,True,0.00638377215734427,0.007547363656918657,2,CFT
BI2015a,P300,EEGNetv4,High,False,-0.003853043212979673,0.09549992482899657,2,CFT
BI2015a,P300,ATCNet,Low,False,0.0062020050515959445,0.01630905495631093,2,CFT
BI2015a,P300,ATCNet,High,False,0.0029668499456540487,0.35896245764066376,2,CFT
BI2015a,P300,ShallowConvNet,Low,False,-0.00625376404361978,0.033810108423734865,2,CFT
BI2015a,P300,ShallowConvNet,High,False,-0.0025787936761023436,0.26577256250343684,2,CFT
BI2015a,P300,DeepConvNet,Low,False,0.00326896031615196,0.3778924222450823,2,CFT
BI2015a,P300,DeepConvNet,High,False,0.003801970379726694,0.06911688521096578,2,CFT
Lee2019_MI,MI,EEGNetv4,Low,False,-0.0032407407407407354,0.4954879168552192,1,CFT
Lee2019_MI,MI,EEGNetv4,High,False,-0.0028703703703703625,0.6649041321269362,2,CFT
Lee2019_MI,MI,ATCNet,Low,False,0.0039814814814814825,0.7284898021413229,2,CFT
Lee2019_MI,MI,ATCNet,High,False,-0.0029629629629629593,0.5598229952396676,2,CFT
Lee2019_MI,MI,ShallowConvNet,Low,False,0.004534883720930218,0.7087159347796543,2,CFT
Lee2019_MI,MI,ShallowConvNet,High,False,0.013207547169811316,0.029502883207119402,2,CFT
Lee2019_MI,MI,DeepConvNet,Low,True,0.021627906976744188,0.0052300892402867205,2,CFT
Lee2019_MI,MI,DeepConvNet,High,False,-0.008611111111111106,0.08341398961447936,2,CFT
Lee2019_SSVEP,SSVEP,EEGNetv4,Low,False,-0.0003773584905660381,0.8694473974057572,2,CFT
Lee2019_SSVEP,SSVEP,EEGNetv4,High,False,-0.0037962962962962967,0.06788266939999503,2,CFT
Lee2019_SSVEP,SSVEP,ATCNet,Low,False,0.001603773584905666,0.7040898292933,2,CFT
Lee2019_SSVEP,SSVEP,ATCNet,High,False,0.0018518518518518576,0.5101958315013048,2,CFT
Lee2019_SSVEP,SSVEP,ShallowConvNet,Low,False,0.007314814814814809,0.2891555302030557,2,CFT
Lee2019_SSVEP,SSVEP,ShallowConvNet,High,False,-0.0002777777777777821,0.9317475543072685,2,CFT
Lee2019_SSVEP,SSVEP,DeepConvNet,Low,True,0.008981481481481488,0.008441424256681233,2,CFT
Lee2019_SSVEP,SSVEP,DeepConvNet,High,False,0.0025000000000000022,0.1976765658170678,2,CFT
Huebner2017,P300,EEGNetv4,Low,False,0.0022117144050079686,0.05682921603373397,2,CFT
Huebner2017,P300,EEGNetv4,High,False,-0.0011834020922710882,0.24530138147699745,2,CFT
Huebner2017,P300,ATCNet,Low,False,0.002574824739424275,0.012228002485253001,2,CFT
Huebner2017,P300,ATCNet,High,False,0.0008567277852916153,0.5034024898327988,2,CFT
Huebner2017,P300,ShallowConvNet,Low,False,0.0008853909325509967,0.6318941827373759,2,CFT
Huebner2017,P300,ShallowConvNet,High,False,0.0007132747089384409,0.35777542976448473,2,CFT
Huebner2017,P300,DeepConvNet,Low,True,-0.0024767334730352907,0.003965973942116188,2,CFT
Huebner2017,P300,DeepConvNet,High,,,,0,CFT
Huebner2018,P300,EEGNetv4,Low,False,-0.00030684422111726395,0.8408289594810563,2,CFT
Huebner2018,P300,EEGNetv4,High,False,0.0008630586837349019,0.23477092464986676,1,CFT
Huebner2018,P300,ATCNet,Low,False,0.0006985436366731453,0.7455988618593117,2,CFT
Huebner2018,P300,ATCNet,High,False,0.0010130709294526585,0.3590126158457338,2,CFT
Huebner2018,P300,ShallowConvNet,Low,False,0.00207168368854956,0.3525496104787624,2,CFT
Huebner2018,P300,ShallowConvNet,High,False,0.0024381692054863215,0.038650759582225844,2,CFT
Huebner2018,P300,DeepConvNet,Low,False,9.680009627338615e-05,0.9275371855904759,1,CFT
Huebner2018,P300,DeepConvNet,High,False,0.0007057683255396741,0.5683393114209256,2,CFT
MAMEM2,SSVEP,EEGNetv4,Low,False,0.00033333333333334937,0.9812981249119367,1,ZS
MAMEM2,SSVEP,EEGNetv4,High,False,-0.0005999999999999922,0.9731280717851283,1,ZS
MAMEM2,SSVEP,ATCNet,Low,False,-0.01446666666666667,0.37153638281992607,1,ZS
MAMEM2,SSVEP,ATCNet,High,False,6.666666666667598e-05,0.9956899221974079,1,ZS
MAMEM2,SSVEP,ShallowConvNet,Low,False,0.017400000000000016,0.19561721639701452,1,ZS
MAMEM2,SSVEP,ShallowConvNet,High,False,-0.0031999999999999806,0.7416838397311173,1,ZS
MAMEM2,SSVEP,DeepConvNet,Low,False,-0.0020000000000000044,0.8939559453115935,1,ZS
MAMEM2,SSVEP,DeepConvNet,High,False,-0.000666666666666682,0.9628383654278421,1,ZS
BNCI2014_001,MI,EEGNetv4,Low,False,0.044560185185185196,0.05891130656504994,1,ZS
BNCI2014_001,MI,EEGNetv4,High,False,-0.02006172839506172,0.08490926077491334,1,ZS
BNCI2014_001,MI,ATCNet,Low,False,0.03607253086419752,0.09682551246876879,1,ZS
BNCI2014_001,MI,ATCNet,High,False,-0.022762345679012346,0.2509583580783165,1,ZS
BNCI2014_001,MI,ShallowConvNet,Low,False,0.0489969135802469,0.08222725672771025,1,ZS
BNCI2014_001,MI,ShallowConvNet,High,False,0.0059799382716049605,0.7853777354071593,1,ZS
BNCI2014_001,MI,DeepConvNet,Low,False,0.013310185185185206,0.6902603210403273,1,ZS
BNCI2014_001,MI,DeepConvNet,High,True,-0.05632716049382716,0.006130205892367803,1,ZS
Kalunga2016,SSVEP,EEGNetv4,Low,False,0.047829861111111115,0.04349550097608333,1,ZS
Kalunga2016,SSVEP,EEGNetv4,High,False,0.010069444444444445,0.6192942553607352,1,ZS
Kalunga2016,SSVEP,ATCNet,Low,False,0.06206597222222221,0.04472483563645461,1,ZS
Kalunga2016,SSVEP,ATCNet,High,False,-0.02730034722222223,0.35196627472288133,1,ZS
Kalunga2016,SSVEP,ShallowConvNet,Low,False,0.0412326388888889,0.12527431691234991,1,ZS
Kalunga2016,SSVEP,ShallowConvNet,High,False,-0.02439236111111112,0.4032496399790393,1,ZS
Kalunga2016,SSVEP,DeepConvNet,Low,False,0.0019531249999999907,0.9276657825386039,1,ZS
Kalunga2016,SSVEP,DeepConvNet,High,False,0.004513888888888882,0.781916817835218,1,ZS
Yang2025,MI,EEGNetv4,Low,False,0.007052063316116943,0.2652333516664053,2,ZS
Yang2025,MI,EEGNetv4,High,False,-0.006145541095033872,0.15971044804694307,2,ZS
Yang2025,MI,ATCNet,Low,True,0.03627729849759923,0.0020128121237973674,2,ZS
Yang2025,MI,ATCNet,High,True,-0.04459596905171838,0.0058537975962727464,2,ZS
Yang2025,MI,ShallowConvNet,Low,False,-0.0067476260145633155,0.18324397608545331,1,ZS
Yang2025,MI,ShallowConvNet,High,True,0.06713816229896258,0.0019090746339897287,2,ZS
Yang2025,MI,DeepConvNet,Low,True,0.013791985562784943,0.0028232932610769874,2,ZS
Yang2025,MI,DeepConvNet,High,False,-0.0042117338664653505,0.571270498088913,2,ZS
BI2015a,P300,EEGNetv4,Low,True,0.05422282453730043,3.2418310410303635e-05,2,ZS
BI2015a,P300,EEGNetv4,High,False,-0.009473909526160871,0.41909433042773125,2,ZS
BI2015a,P300,ATCNet,Low,True,0.06088416636610653,5.203204452941309e-06,2,ZS
BI2015a,P300,ATCNet,High,False,0.0148298003600174,0.22935676118396864,2,ZS
BI2015a,P300,ShallowConvNet,Low,False,0.012048809911020678,0.021440643323638372,2,ZS
BI2015a,P300,ShallowConvNet,High,False,0.00907462872638867,0.12367066304348323,2,ZS
BI2015a,P300,DeepConvNet,Low,True,0.030544052519140868,7.504468208020594e-05,2,ZS
BI2015a,P300,DeepConvNet,High,False,0.01110186461259511,0.1843794171820096,2,ZS
Lee2019_MI,MI,EEGNetv4,Low,False,0.0009259259259259391,0.8696625553262214,1,ZS
Lee2019_MI,MI,EEGNetv4,High,False,0.008425925925925929,0.41370404087135326,2,ZS
Lee2019_MI,MI,ATCNet,Low,False,0.007314814814814812,0.47289761902366867,2,ZS
Lee2019_MI,MI,ATCNet,High,False,0.013333333333333324,0.13888788674125624,2,ZS
Lee2019_MI,MI,ShallowConvNet,Low,False,-0.009302325581395342,0.5364271118872518,2,ZS
Lee2019_MI,MI,ShallowConvNet,High,True,0.020566037735849047,0.006585222980061125,2,ZS
Lee2019_MI,MI,DeepConvNet,Low,True,0.025116279069767444,0.004969216574327389,2,ZS
Lee2019_MI,MI,DeepConvNet,High,False,0.007685185185185178,0.3553979641833642,2,ZS
Lee2019_SSVEP,SSVEP,EEGNetv4,Low,False,-0.0013207547169811291,0.7588105770462217,2,ZS
Lee2019_SSVEP,SSVEP,EEGNetv4,High,False,-0.00444444444444444,0.29427823724798613,2,ZS
Lee2019_SSVEP,SSVEP,ATCNet,Low,False,0.00935185185185186,0.20312178415183485,2,ZS
Lee2019_SSVEP,SSVEP,ATCNet,High,False,0.005740740740740737,0.5191301341183977,2,ZS
Lee2019_SSVEP,SSVEP,ShallowConvNet,Low,True,0.04296296296296295,0.00032543909214030674,2,ZS
Lee2019_SSVEP,SSVEP,ShallowConvNet,High,False,0.011851851851851858,0.25525838421442093,2,ZS
Lee2019_SSVEP,SSVEP,DeepConvNet,Low,False,0.015277777777777777,0.13183642075548668,2,ZS
Lee2019_SSVEP,SSVEP,DeepConvNet,High,False,-0.0005555555555555561,0.9415726989437816,2,ZS
Huebner2017,P300,EEGNetv4,Low,False,0.0038637736777128963,0.9761695290555501,2,ZS
Huebner2017,P300,EEGNetv4,High,False,-0.010816149428404236,0.5845592804212231,2,ZS
Huebner2017,P300,ATCNet,Low,False,-0.01732860933117258,0.6114540445654439,2,ZS
Huebner2017,P300,ATCNet,High,False,0.014194914100453628,0.6655493757018671,2,ZS
Huebner2017,P300,ShallowConvNet,Low,False,-0.020522152611783882,0.3968178275162574,2,ZS
Huebner2017,P300,ShallowConvNet,High,False,-0.0007948362736961978,0.9817192829591477,2,ZS
Huebner2017,P300,DeepConvNet,Low,False,0.004038646347296141,0.8722236436876036,2,ZS
Huebner2017,P300,DeepConvNet,High,,,,0,ZS
Huebner2018,P300,EEGNetv4,Low,False,0.04892935576246955,0.05321162080070275,2,ZS
Huebner2018,P300,EEGNetv4,High,True,0.03425683041360644,0.0038214771973742517,1,ZS
Huebner2018,P300,ATCNet,Low,False,0.042612152244732936,0.04327300891391682,2,ZS
Huebner2018,P300,ATCNet,High,False,0.02181226329105788,0.02432829684817867,2,ZS
Huebner2018,P300,ShallowConvNet,Low,False,0.03643360279783642,0.12494712460411435,2,ZS
Huebner2018,P300,ShallowConvNet,High,False,0.021679725154245072,0.06297733994789284,2,ZS
Huebner2018,P300,DeepConvNet,Low,False,0.035567820225531704,0.040996879813845484,1,ZS
Huebner2018,P300,DeepConvNet,High,True,0.0238642560837445,0.00808705397524063,2,ZS
