dataset,model,device,total_params,trainable_params,filter_latency_ms_median,filter_latency_ms_mean,filter_latency_ms_std,moabb_preproc_latency_ms_median,moabb_preproc_latency_ms_mean,moabb_preproc_latency_ms_std,pred_latency_ms_median,pred_latency_ms_mean,pred_latency_ms_std,tta_update_latency_ms_median,tta_update_latency_ms_mean,tta_update_latency_ms_std,finetune_step_latency_ms_median,finetune_step_latency_ms_mean,finetune_step_latency_ms_std,n_channels,n_timepoints,sr_hz,batch_size,target_type,error
Yang2025,ShallowConvNet,cpu,116362,116362,27.8932,28.1145,1.1644,28.5438,28.6088,0.2133,18.3720,19.2414,5.8885,2.2014,2.2065,0.0251,3434.8262,3474.8862,120.9043,59,4001,1000,50,classification,
Yang2025,ShallowConvNet,cuda,116362,116362,28.3511,28.3958,0.2179,28.9418,29.0312,0.3887,1.0113,1.0187,0.0293,2.4800,2.4967,0.0521,93.3992,93.6463,0.8356,59,4001,1000,50,classification,
Yang2025,EEGNetv4,cpu,12610,12610,28.3576,28.4053,0.3733,28.6485,28.7008,0.2746,9.3070,9.3760,0.2982,2.2230,2.2259,0.0201,935.6595,942.5676,21.7811,59,4001,1000,50,classification,
Yang2025,EEGNetv4,cuda,12610,12610,27.9563,28.0031,0.3438,28.4803,28.5790,0.6026,1.2272,1.2369,0.0434,2.4358,2.4363,0.0083,98.4587,98.4645,0.0316,59,4001,1000,50,classification,
Yang2025,ATCNet,cpu,114586,114586,27.8681,27.9664,0.2902,28.5127,28.5219,0.1422,16.9683,17.3817,3.3910,2.1934,2.1980,0.0141,1029.9656,1033.9296,10.3746,59,4001,1000,50,classification,
Yang2025,ATCNet,cuda,114586,114586,27.9815,28.0669,0.3495,28.4321,28.5016,0.2340,8.1083,8.1421,0.0918,2.4401,2.4442,0.0146,103.8608,103.8801,0.0502,59,4001,1000,50,classification,
Yang2025,DeepConvNet,cpu,319577,319577,27.8387,27.9633,0.3495,28.5331,28.6528,0.3793,11.0352,11.5327,3.3896,2.2441,2.2629,0.1164,2217.9701,2221.9918,16.5065,59,4001,1000,50,classification,
Yang2025,DeepConvNet,cuda,319577,319577,28.0102,28.1093,0.3520,28.8720,28.9193,0.3314,1.6152,1.5782,0.0618,2.4336,2.4465,0.0540,55.2772,55.4199,0.2332,59,4001,1000,50,classification,
Lee2019_SSVEP,ShallowConvNet,cpu,142044,142044,28.8130,28.8393,0.1481,29.5979,29.6576,0.2464,17.3396,17.4311,0.3870,2.4388,2.4410,0.0171,3787.8487,3791.6542,24.7226,62,4001,1000,50,classification,
Lee2019_SSVEP,ShallowConvNet,cuda,142044,142044,28.8163,28.9013,0.2848,29.9176,29.8595,0.2923,1.0003,1.0091,0.0339,2.7295,2.7355,0.0287,103.0892,102.8253,0.5486,62,4001,1000,50,classification,
Lee2019_SSVEP,EEGNetv4,cpu,20708,20708,29.3676,29.4497,0.3141,30.1031,30.1345,0.2169,8.9117,10.1931,6.0261,2.4259,2.4306,0.0217,1015.3546,1019.9987,33.6343,62,4001,1000,50,classification,
Lee2019_SSVEP,EEGNetv4,cuda,20708,20708,28.9039,29.0270,0.3430,29.5451,29.6060,0.2097,1.1983,1.2066,0.0387,2.7118,2.7114,0.0314,105.5353,105.5339,0.0114,62,4001,1000,50,classification,
Lee2019_SSVEP,ATCNet,cpu,115012,115012,28.8687,28.9425,0.2858,29.5162,29.6096,0.3221,16.4975,16.7019,0.6204,2.4346,2.4450,0.0393,1065.6278,1092.6878,57.9687,62,4001,1000,50,classification,
Lee2019_SSVEP,ATCNet,cuda,115012,115012,28.9958,29.0604,0.2762,29.6645,29.7598,0.2927,8.0913,8.1040,0.0446,2.6722,2.6799,0.0369,110.9721,110.9761,0.0321,62,4001,1000,50,classification,
Lee2019_SSVEP,DeepConvNet,cpu,340654,340654,29.0259,29.0467,0.1082,29.7699,29.7790,0.1164,11.4307,12.1963,4.4908,2.4454,2.4444,0.0162,2426.1739,2426.3550,17.9833,62,4001,1000,50,classification,
Lee2019_SSVEP,DeepConvNet,cuda,340654,340654,28.8666,29.0131,0.3525,29.5680,29.6243,0.2329,1.6012,1.6052,0.0207,2.6861,2.6914,0.0173,59.2975,59.4144,0.2171,62,4001,1000,50,classification,
BI2015a,ShallowConvNet,cpu,54522,54522,9.8797,9.8858,0.0466,9.9442,9.9798,0.0949,1.7930,1.8200,0.0911,0.6714,0.6703,0.0051,179.3539,179.8435,1.7198,32,513,512,50,classification,
BI2015a,ShallowConvNet,cuda,54522,54522,9.8208,9.8275,0.0780,9.9144,9.9282,0.0712,0.5697,0.5788,0.0368,0.7719,0.7737,0.0123,8.1959,8.2271,0.0777,32,513,512,50,classification,
BI2015a,EEGNetv4,cpu,4770,4770,9.8561,9.8814,0.1428,9.9786,9.9928,0.0822,1.7674,1.7766,0.0703,0.6769,0.6761,0.0057,154.1990,148.3814,39.2133,32,513,512,50,classification,
BI2015a,EEGNetv4,cuda,4770,4770,9.8947,9.9060,0.0582,9.9445,9.9487,0.0464,0.8248,0.8314,0.0401,0.7728,0.7734,0.0105,10.1011,8.4064,2.0022,32,513,512,50,classification,
BI2015a,ATCNet,cpu,113722,113722,10.0405,10.0657,0.1099,10.1263,10.1313,0.1185,8.7326,10.3377,9.0227,0.6690,0.6694,0.0081,187.1136,190.3646,26.5501,32,513,512,50,classification,
BI2015a,ATCNet,cuda,113722,113722,9.8550,9.8639,0.0540,9.9548,9.9570,0.0680,8.1355,8.1675,0.1148,0.7672,0.7704,0.0155,27.1742,27.5863,0.9410,32,513,512,50,classification,
BI2015a,DeepConvNet,cpu,285502,285502,9.8749,9.8942,0.0823,9.9159,9.9348,0.0794,2.4721,2.4824,0.0427,0.6785,0.6930,0.1174,151.8152,161.0097,31.1015,32,513,512,50,classification,
BI2015a,DeepConvNet,cuda,285502,285502,9.8686,9.9218,0.1270,9.9078,9.9216,0.0790,1.1656,1.1760,0.0343,0.7710,0.7772,0.0193,7.2257,6.8333,0.6611,32,513,512,50,classification,
Lee2019_MI,ShallowConvNet,cpu,121162,121162,28.7758,28.8081,0.1699,29.5964,29.6222,0.1312,16.0746,16.1818,0.4009,2.4753,2.4785,0.0173,3752.7007,3757.8129,10.8314,62,4001,1000,50,classification,
Lee2019_MI,ShallowConvNet,cuda,121162,121162,29.4103,29.4573,0.1888,29.8438,29.9071,0.2939,0.7969,0.8148,0.1015,2.7161,2.7232,0.0247,102.6548,102.7142,0.3530,62,4001,1000,50,classification,
Lee2019_MI,EEGNetv4,cpu,12706,12706,29.0167,29.0581,0.2382,29.8317,29.8675,0.2000,8.9494,9.0673,0.3337,2.4734,2.4784,0.0167,1050.6514,1048.1717,17.0484,62,4001,1000,50,classification,
Lee2019_MI,EEGNetv4,cuda,12706,12706,28.8732,28.9879,0.4801,29.9939,30.0524,0.2568,1.2384,1.2478,0.0430,2.7556,2.7619,0.0427,105.6626,105.6638,0.0215,62,4001,1000,50,classification,
Lee2019_MI,ATCNet,cpu,114682,114682,29.2963,29.2957,0.1386,30.0343,30.0732,0.2306,16.5595,16.7074,0.4627,2.5186,2.5177,0.0217,1040.2083,1085.1921,84.9863,62,4001,1000,50,classification,
Lee2019_MI,ATCNet,cuda,114682,114682,29.2308,29.2353,0.1199,29.9400,29.9535,0.0960,8.2310,8.2413,0.0570,2.7559,2.7596,0.0181,111.0489,111.0413,0.0251,62,4001,1000,50,classification,
Lee2019_MI,DeepConvNet,cpu,321452,321452,29.3574,29.4738,0.5607,30.0812,30.0780,0.1231,11.5052,11.6345,0.4590,2.5235,2.5296,0.0220,2425.4239,2425.1496,9.3899,62,4001,1000,50,classification,
Lee2019_MI,DeepConvNet,cuda,321452,321452,28.8705,28.8925,0.1542,29.7246,29.7859,0.1935,1.6401,1.5872,0.1158,2.7557,2.7663,0.0612,59.9028,59.8446,0.2332,62,4001,1000,50,classification,
BNCI2014_001,ShallowConvNet,cpu,46044,46044,6.5091,6.5241,0.0768,6.5659,6.5944,0.1344,2.0403,2.0882,0.1519,0.5492,0.5489,0.0052,243.7232,239.0453,16.3250,22,1001,250,50,classification,
BNCI2014_001,ShallowConvNet,cuda,46044,46044,6.6648,6.6665,0.0341,6.5505,6.5608,0.0411,0.5905,0.5973,0.0362,0.6521,0.6529,0.0069,9.1870,9.0531,0.4871,22,1001,250,50,classification,
BNCI2014_001,EEGNetv4,cpu,7396,7396,6.5195,6.5318,0.0682,6.5996,6.6177,0.0773,1.8232,2.0948,2.3075,0.5467,0.5478,0.0088,119.2909,120.6263,24.2020,22,1001,250,50,classification,
BNCI2014_001,EEGNetv4,cuda,7396,7396,6.5206,6.5368,0.0611,6.5625,6.5696,0.0434,0.8102,0.8173,0.0383,0.6511,0.6509,0.0049,12.4808,12.4924,0.0424,22,1001,250,50,classification,
BNCI2014_001,ATCNet,cpu,113732,113732,6.4909,6.4980,0.0392,6.5513,6.5581,0.0623,8.4305,8.5351,0.5101,0.5527,0.5521,0.0052,155.9852,151.9089,16.1018,22,1001,250,50,classification,
BNCI2014_001,ATCNet,cuda,113732,113732,6.5151,6.5333,0.0548,6.5707,6.5896,0.0746,8.1325,8.1715,0.1520,0.6522,0.6544,0.0114,28.5966,29.3829,1.4678,22,1001,250,50,classification,
BNCI2014_001,DeepConvNet,cpu,286054,286054,6.5829,6.5928,0.0864,6.5811,6.5981,0.0658,2.8466,2.8698,0.0908,0.5559,0.5591,0.0182,199.0108,192.5230,22.4723,22,1001,250,50,classification,
BNCI2014_001,DeepConvNet,cuda,286054,286054,6.5276,6.5480,0.0683,6.6019,6.6393,0.1549,1.1746,1.1929,0.0626,0.6518,0.6529,0.0085,7.0833,7.8716,2.3440,22,1001,250,50,classification,
Huebner2017,ShallowConvNet,cpu,55002,55002,15.7644,15.7989,0.2048,15.8313,15.8419,0.1144,2.3929,2.4002,0.0653,0.7072,0.7086,0.0107,301.9743,305.3905,16.8023,31,901,1000,50,classification,
Huebner2017,ShallowConvNet,cuda,55002,55002,15.6901,15.7179,0.1044,15.7817,15.7903,0.0686,0.5988,0.6066,0.0343,0.8133,0.8169,0.0147,8.3175,10.2138,2.3281,31,901,1000,50,classification,
Huebner2017,EEGNetv4,cpu,5506,5506,15.7197,15.7286,0.0759,15.7230,15.7296,0.0700,1.9485,1.9861,0.1585,0.7064,0.7081,0.0114,142.5906,146.6759,11.1427,31,901,1000,50,classification,
Huebner2017,EEGNetv4,cuda,5506,5506,15.7292,15.7548,0.1447,15.7494,15.7736,0.1141,0.8178,0.8274,0.0430,0.8127,0.8146,0.0094,11.9295,12.2489,1.7070,31,901,1000,50,classification,
Huebner2017,ATCNet,cpu,113690,113690,15.9234,15.9553,0.1262,16.0348,16.0839,0.1820,8.5485,8.6081,0.3173,0.7045,0.7044,0.0050,177.9862,184.2002,19.4981,31,901,1000,50,classification,
Huebner2017,ATCNet,cuda,113690,113690,15.8614,15.8960,0.1288,15.8634,15.8554,0.1965,8.1249,8.1854,0.1333,0.8123,0.8190,0.0143,30.1894,30.5171,1.6389,31,901,1000,50,classification,
Huebner2017,DeepConvNet,cpu,286877,286877,15.7471,15.7638,0.1045,15.7630,15.8259,0.4134,3.2178,3.2357,0.0526,0.7092,0.7087,0.0058,232.1821,238.4940,26.1985,31,901,1000,50,classification,
Huebner2017,DeepConvNet,cuda,286877,286877,15.7071,15.7096,0.0775,15.7155,15.7221,0.0671,1.1729,1.1834,0.0377,0.8141,0.8144,0.0083,10.6064,9.7159,1.4165,31,901,1000,50,classification,
Huebner2018,ShallowConvNet,cpu,55002,55002,15.7478,15.8036,0.1995,15.7524,15.8212,0.4102,2.3624,2.4023,0.1481,0.7137,0.7128,0.0052,304.3674,306.7382,7.0927,31,901,1000,50,classification,
Huebner2018,ShallowConvNet,cuda,55002,55002,15.7102,15.7408,0.1766,16.0238,16.0128,0.1583,0.6182,0.6288,0.0391,0.8415,0.8456,0.0179,8.3929,10.1845,2.3162,31,901,1000,50,classification,
Huebner2018,EEGNetv4,cpu,5506,5506,15.7447,15.7585,0.1083,15.7682,15.7888,0.0992,1.9457,1.9769,0.1088,0.7161,0.7199,0.0240,141.6671,144.7629,13.2703,31,901,1000,50,classification,
Huebner2018,EEGNetv4,cuda,5506,5506,15.6843,15.7175,0.1351,15.8348,15.8740,0.2667,0.8251,0.8314,0.0358,0.8217,0.8240,0.0122,10.2426,12.1441,2.9481,31,901,1000,50,classification,
Huebner2018,ATCNet,cpu,113690,113690,15.9618,15.9607,0.0892,15.9986,16.0040,0.0714,8.5530,8.5684,0.2138,0.7291,0.7296,0.0214,189.6474,197.5275,25.7255,31,901,1000,50,classification,
Huebner2018,ATCNet,cuda,113690,113690,15.7640,15.7813,0.1209,15.8667,15.8923,0.1114,8.2148,8.3069,0.3952,0.8400,0.8396,0.0059,30.5877,31.2105,1.2463,31,901,1000,50,classification,
Huebner2018,DeepConvNet,cpu,286877,286877,15.9415,15.9587,0.1625,15.9902,16.0039,0.1092,3.2847,3.3096,0.0878,0.7300,0.7276,0.0133,228.9130,234.1459,17.1005,31,901,1000,50,classification,
Huebner2018,DeepConvNet,cuda,286877,286877,15.8781,15.8940,0.0992,15.9392,15.9409,0.0766,1.1926,1.2187,0.1275,0.8298,0.8321,0.0164,7.6405,7.6416,0.0898,31,901,1000,50,classification,
Kalunga2016,ShallowConvNet,cpu,18364,18364,5.0404,5.0486,0.0402,5.0834,5.0879,0.0462,1.0117,1.0201,0.0393,0.3640,0.3692,0.0139,32.5623,32.5623,14.4087,8,513,256,50,classification,
Kalunga2016,ShallowConvNet,cuda,18364,18364,5.0751,5.0782,0.0514,5.0985,5.1088,0.0526,0.5813,0.5867,0.0372,0.4517,0.4560,0.0133,7.2126,7.2126,0.2975,8,513,256,50,classification,
Kalunga2016,EEGNetv4,cpu,5028,5028,4.9950,5.0117,0.1295,5.0351,5.0408,0.0427,1.1916,1.2004,0.0407,0.3612,0.3617,0.0087,21.1709,21.1709,9.5158,8,513,256,50,classification,
Kalunga2016,EEGNetv4,cuda,5028,5028,4.9838,4.9907,0.0436,5.0288,5.0363,0.0353,0.8007,0.8106,0.0408,0.4450,0.4452,0.0046,7.4273,7.4273,0.5940,8,513,256,50,classification,
Kalunga2016,ATCNet,cpu,113284,113284,4.9642,4.9693,0.0298,5.0152,5.0199,0.0312,7.4177,8.9642,9.6624,0.3776,0.3774,0.0068,53.4412,53.4412,13.6045,8,513,256,50,classification,
Kalunga2016,ATCNet,cuda,113284,113284,4.9766,4.9827,0.0335,5.0242,5.0319,0.0346,8.0361,8.0503,0.0575,0.4449,0.4453,0.0052,23.7446,23.7446,0.4468,8,513,256,50,classification,
Kalunga2016,DeepConvNet,cpu,272504,272504,4.9886,4.9955,0.0387,5.0177,5.0934,0.2937,1.9098,1.9250,0.0573,0.3588,0.3627,0.0121,97.3722,97.3722,74.7243,8,513,256,50,classification,
Kalunga2016,DeepConvNet,cuda,272504,272504,4.9872,4.9943,0.0385,5.0196,5.0430,0.0708,1.1598,1.1764,0.0461,0.4502,0.4527,0.0131,3.9106,3.9106,0.7068,8,513,256,50,classification,
MAMEM2,ShallowConvNet,cpu,419485,419485,42.0641,42.2001,0.6130,42.6231,42.6533,0.2991,12.9728,13.1424,0.6928,155.6912,168.6057,44.5763,2064.6399,1733.1219,469.9663,256,751,250,50,classification,
MAMEM2,ShallowConvNet,cuda,419485,419485,42.0014,42.0032,0.2215,42.4417,42.7448,0.9326,1.7254,1.7317,0.0362,207.0679,197.4433,49.2672,225.1470,188.4129,52.4901,256,751,250,50,classification,
MAMEM2,EEGNetv4,cpu,14597,14597,41.9095,41.9376,0.1824,42.4269,42.4337,0.1534,7.7963,7.8201,0.3140,147.8409,164.7329,51.1183,708.8222,595.3695,164.5712,256,751,250,50,classification,
MAMEM2,EEGNetv4,cuda,14597,14597,41.9695,42.0088,0.2741,42.3977,42.4170,0.1639,1.0568,1.0634,0.0357,171.9745,175.6443,49.5770,191.3945,159.6721,44.8684,256,751,250,50,classification,
MAMEM2,ATCNet,cpu,121385,121385,42.1876,42.5212,0.8102,43.3805,43.5470,0.9070,14.6615,16.5841,15.4296,172.1581,176.8169,50.8111,715.4881,604.7549,159.5131,256,751,250,50,classification,
MAMEM2,ATCNet,cuda,121385,121385,41.8282,41.9701,0.4182,42.2444,42.2774,0.1189,8.1807,8.2334,0.1812,158.4436,170.1311,50.8351,199.8907,170.5359,41.8797,256,751,250,50,classification,
MAMEM2,DeepConvNet,cpu,431505,431505,41.9465,41.9912,0.1865,42.5571,42.7787,0.7851,9.4030,10.1585,4.2235,139.0014,155.6933,45.6555,1231.9207,1056.2266,269.1383,256,751,250,50,classification,
MAMEM2,DeepConvNet,cuda,431505,431505,41.8706,41.8875,0.2118,42.6892,42.7436,0.3342,1.7277,1.6899,0.1363,193.3950,188.1988,47.0477,120.7274,100.9560,28.0190,256,751,250,50,classification,
